Release 6.3.03i - Par G.38
Copyright (c) 1995-2004 Xilinx, Inc.  All rights reserved.

Tue Oct 04 15:47:47 2005


NOTE: This file is designed to be imported into a spreadsheet program
such as Microsoft Excel for viewing, printing and sorting. The ,
character is used as the data field separator. This file is also designed
to support parsing.

INPUT FILE:       hd_gen_module_map.ncd
OUTPUT FILE:      hd_gen_module_pad.csv
PART TYPE:        xc4vfx20
SPEED GRADE:      -11
PACKAGE:          ff672

Pinout by Pin Number:

-----,-----,-----,-----,-----,-----,-----,-----,-----,-----,-----,-----,-----,
Pin Number,Signal Name,Pin Usage,Pin Name,Direction,IO Standard,IO Bank Number,Drive (mA),Slew Rate,Termination,IOB Delay,Voltage,Constraint,
A2,,,VTRXA_113,,,,,,,,,,
A3,,IPAD,RXNPADA_113,UNUSED,,,,,,,,,
A4,,IPAD,RXPPADA_113,UNUSED,,,,,,,,,
A5,,,GNDA_113,,,,,,,,,,
A6,,,VCCO_6,,,6,,,,,na,,
A7,,IOB,IO_L2N_6,UNUSED,,6,,,,,,,
A8,,IOB,IO_L2P_6,UNUSED,,6,,,,,,,
A9,,IOB,IO_L17N_6,UNUSED,,6,,,,,,,
A10,,IOB,IO_L23N_VRP_6,UNUSED,,6,,,,,,,
A11,,,GND,,,,,,,,,,
A12,,IOB,IO_L8P_GC_LC_3,UNUSED,,3,,,,,,,
A13,,IOB,IO_L7N_GC_LC_3,UNUSED,,3,,,,,,,
A14,,IOB,IO_L7P_GC_LC_3,UNUSED,,3,,,,,,,
A15,,IOB,IO_L32P_5,UNUSED,,5,,,,,,,
A16,,,VCCO_5,,,5,,,,,na,,
A17,,IOB,IO_L24P_CC_LC_5,UNUSED,,5,,,,,,,
A18,,,GNDA_102,,,,,,,,,,
A19,,IPAD,RXPPADA_102,UNUSED,,,,,,,,,
A20,,IPAD,RXNPADA_102,UNUSED,,,,,,,,,
A21,,,VTRXA_102,,,,,,,,,,
A22,,OPAD,TXPPADA_102,UNUSED,,,,,,,,,
A23,,OPAD,TXNPADA_102,UNUSED,,,,,,,,,
A24,,OPAD,TXPPADB_102,UNUSED,,,,,,,,,
A25,,OPAD,TXNPADB_102,UNUSED,,,,,,,,,
AA1,,,NC,,,,,,,,,,
AA2,,,NC,,,,,,,,,,
AA3,,IOB,IO_L20N_VREF_8,UNUSED,,8,,,,,,,
AA4,,IOB,IO_L20P_8,UNUSED,,8,,,,,,,
AA5,,IOB,IO_L26N_8,UNUSED,,8,,,,,,,
AA6,,,VCCO_8,,,8,,,,,na,,
AA7,,IOB,IO_L31P_8,UNUSED,,8,,,,,,,
AA8,,IOB,IO_L27N_8,UNUSED,,8,,,,,,,
AA9,,IOB,IO_L21P_8,UNUSED,,8,,,,,,,
AA10,,IOB,IO_L7P_8,UNUSED,,8,,,,,,,
AA11,,,GND,,,,,,,,,,
AA12,f4m_i,IOB,IO_L8N_GC_CC_LC_4,INPUT,LVCMOS25,4,,,NONE**,IBUF,,LOCATED,
AA13,debug_o<7>,IOB,IO_L7N_GC_VRP_LC_4,OUTPUT,LVCMOS25,4,12,SLOW,NONE**,,,LOCATED,
AA14,,IOB,IO_L7P_GC_VRN_LC_4,UNUSED,,4,,,,,,,
AA15,,IOB,IO_L2N_7,UNUSED,,7,,,,,,,
AA16,,,VCCO_7,,,7,,,,,2.50,,
AA17,led2_o,IOB,IO_L14P_7,OUTPUT,LVCMOS25,7,12,SLOW,NONE**,,,LOCATED,
AA18,,IOB,IO_L20P_7,UNUSED,,7,,,,,,,
AA19,,IOB,IO_L30N_7,UNUSED,,7,,,,,,,
AA20,,IOB,IO_L30P_7,UNUSED,,7,,,,,,,
AA21,,,GND,,,,,,,,,,
AA22,mreset_i,IOB,IO_L21N_7,INPUT,LVCMOS25,7,,,NONE**,IBUF,,LOCATED,
AA23,sck_i,IOB,IO_L19N_7,INPUT,LVCMOS25,7,,,NONE**,IBUF,,LOCATED,
AA24,,IOB,IO_L19P_7,UNUSED,,7,,,,,,,
AA25,,,GNDA_105,,,,,,,,,,
AA26,,,VTRXA_105,,,,,,,,,,
AB1,,,NC,,,,,,,,,,
AB2,,,NC,,,,,,,,,,
AB3,,,VCCO_8,,,8,,,,,na,,
AB4,,IOB,IO_L28N_VREF_8,UNUSED,,8,,,,,,,
AB5,,IOB,IO_L28P_8,UNUSED,,8,,,,,,,
AB6,,IOB,IO_L29N_8,UNUSED,,8,,,,,,,
AB7,,IOB,IO_L29P_8,UNUSED,,8,,,,,,,
AB8,,,GND,,,,,,,,,,
AB9,,IOB,IO_L21N_8,UNUSED,,8,,,,,,,
AB10,,IOB,IO_L7N_8,UNUSED,,8,,,,,,,
AB11,,IOB,IO_L3P_8,UNUSED,,8,,,,,,,
AB12,f8g_i,IOB,IO_L8P_GC_CC_LC_4,INPUT,LVCMOS25,4,,,NONE**,IBUF,,LOCATED,
AB13,,,VCCO_4,,,4,,,,,2.50,,
AB14,,IOB,IO_L5P_GC_LC_4,UNUSED,,4,,,,,,,
AB15,debug_o<1>,IOB,IO_L2P_7,OUTPUT,LVCMOS25,7,12,SLOW,NONE**,,,LOCATED,
AB16,,IOB,IO_L10N_7,UNUSED,,7,,,,,,,
AB17,,IOB,IO_L10P_7,UNUSED,,7,,,,,,,
AB18,,,GND,,,,,,,,,,
AB19,,IOB,IO_L26N_7,UNUSED,,7,,,,,,,
AB20,,IOB,IO_L26P_7,UNUSED,,7,,,,,,,
AB21,res1_o,IOB,IO_L32N_7,OUTPUT,LVCMOS25,7,12,SLOW,NONE**,,,,
AB22,res2_o,IOB,IO_L32P_7,OUTPUT,LVCMOS25,7,12,SLOW,NONE**,,,,
AB23,,,VCCO_7,,,7,,,,,2.50,,
AB24,,IOB,IO_L25P_CC_LC_7,UNUSED,,7,,,,,,,
AB25,,,VTTXA_105,,,,,,,,,,
AB26,,OPAD,TXPPADA_105,UNUSED,,,,,,,,,
AC1,,IPAD,RXPPADA_110,UNUSED,,,,,,,,,
AC2,,,GNDA_110,,,,,,,,,,
AC3,,IOB,IO_L24N_CC_LC_8,UNUSED,,8,,,,,,,
AC4,,IOB,IO_L24P_CC_LC_8,UNUSED,,8,,,,,,,
AC5,,,GND,,,,,,,,,,
AC6,,IOB,IO_L25N_CC_LC_8,UNUSED,,8,,,,,,,
AC7,,IOB,IO_L25P_CC_LC_8,UNUSED,,8,,,,,,,
AC8,,IOB,IO_L19N_8,UNUSED,,8,,,,,,,
AC9,,IOB,IO_L19P_8,UNUSED,,8,,,,,,,
AC10,,,VCCO_8,,,8,,,,,na,,
AC11,,IOB,IO_L3N_8,UNUSED,,8,,,,,,,
AC12,,IOB,IO_L6N_GC_LC_4,UNUSED,,4,,,,,,,
AC13,,IOB,IO_L6P_GC_LC_4,UNUSED,,4,,,,,,,
AC14,debug_o<0>,IOB,IO_L5N_GC_LC_4,OUTPUT,LVCMOS25,4,12,SLOW,NONE**,,,LOCATED,
AC15,,,GND,,,,,,,,,,
AC16,,IOB,IO_L4N_VREF_7,UNUSED,,7,,,,,,,
AC17,debug_o<3>,IOB,IO_L16N_7,OUTPUT,LVCMOS25,7,12,SLOW,NONE**,,,LOCATED,
AC18,,IOB,IO_L18N_7,UNUSED,,7,,,,,,,
AC19,,IOB,IO_L18P_7,UNUSED,,7,,,,,,,
AC20,,,VCCO_7,,,7,,,,,2.50,,
AC21,,IOB,IO_L24P_CC_LC_7,UNUSED,,7,,,,,,,
AC22,,IOB,IO_L31N_7,UNUSED,,7,,,,,,,
AC23,,IOB,IO_L31P_7,UNUSED,,7,,,,,,,
AC24,mosi_i,IOB,IO_L25N_CC_LC_7,INPUT,LVCMOS25,7,,,NONE**,IBUF,,LOCATED,
AC25,,,AVCCAUXTX_105,,,,,,,,2.5,,
AC26,,OPAD,TXNPADA_105,UNUSED,,,,,,,,,
AD1,,IPAD,RXNPADA_110,UNUSED,,,,,,,,,
AD2,,,AVCCAUXRXA_110,,,,,,,,2.5,,
AD3,,IOB,IO_L30N_8,UNUSED,,8,,,,,,,
AD4,,IOB,IO_L30P_8,UNUSED,,8,,,,,,,
AD5,,IOB,IO_L32N_8,UNUSED,,8,,,,,,,
AD6,,IOB,IO_L32P_8,UNUSED,,8,,,,,,,
AD7,,,VCCO_8,,,8,,,,,na,,
AD8,,IOB,IO_L17N_8,UNUSED,,8,,,,,,,
AD9,,IOB,IO_L17P_8,UNUSED,,8,,,,,,,
AD10,,IOB,IO_L1N_8,UNUSED,,8,,,,,,,
AD11,,IOB,IO_L1P_8,UNUSED,,8,,,,,,,
AD12,,,GND,,,,,,,,,,
AD13,,IOB,IO_L4N_GC_VREF_LC_4,UNUSED,,4,,,,,,,
AD14,,IOB,IO_L3N_GC_LC_4,UNUSED,,4,,,,,,,
AD15,,IOB,IO_L3P_GC_LC_4,UNUSED,,4,,,,,,,
AD16,debug_o<2>,IOB,IO_L4P_7,OUTPUT,LVCMOS25,7,12,SLOW,NONE**,,,LOCATED,
AD17,,,VCCO_7,,,7,,,,,2.50,,
AD18,debug_o<4>,IOB,IO_L16P_7,OUTPUT,LVCMOS25,7,12,SLOW,NONE**,,,LOCATED,
AD19,led1_o,IOB,IO_L22N_7,OUTPUT,LVCMOS25,7,12,SLOW,NONE**,,,LOCATED,
AD20,,IOB,IO_L22P_7,UNUSED,,7,,,,,,,
AD21,,IOB,IO_L24N_CC_LC_7,UNUSED,,7,,,,,,,
AD22,,,GND,,,,,,,,,,
AD23,,IOB,IO_L29N_7,UNUSED,,7,,,,,,,
AD24,cs1_i,IOB,IO_L29P_7,INPUT,LVCMOS25,7,,,NONE**,IBUF,,LOCATED,
AD25,,,VTTXB_105,,,,,,,,,,
AD26,,OPAD,TXPPADB_105,UNUSED,,,,,,,,,
AE1,,,VTRXA_110,,,,,,,,,,
AE2,,,VTTXA_110,,,,,,,,,,
AE3,,,GNDA_110,,,,,,,,,,
AE4,,,AVCCAUXTX_110,,,,,,,,2.5,,
AE5,,,VTTXB_110,,,,,,,,,,
AE6,,,GNDA_110,,,,,,,,,,
AE7,,,AVCCAUXMGT_110,,,,,,,,2.5,,
AE8,,,AVCCAUXRXB_110,,,,,,,,2.5,,
AE9,,,GNDA_110,,,,,,,,,,
AE10,,,RTERM_110,,,,,,,,,,
AE11,,,GNDA_110,,,,,,,,,,
AE12,,,MGTVREF_110,,,,,,,,,,
AE13,f1485_i,IOB,IO_L4P_GC_LC_4,INPUT,LVCMOS25,4,,,NONE**,IBUF,,LOCATED,
AE14,,,VCCO_4,,,4,,,,,2.50,,
AE15,f1484_i,IOB,IO_L1P_GC_LC_4,INPUT,LVCMOS25,4,,,NONE**,IBUF,,LOCATED,
AE16,,,NC,,,,,,,,,,
AE17,,,NC,,,,,,,,,,
AE18,,,NC,,,,,,,,,,
AE19,,,MGTVREF_105,,,,,,,,,,
AE20,,,GNDA_105,,,,,,,,,,
AE21,,,RTERM_105,,,,,,,,,,
AE22,,,GNDA_105,,,,,,,,,,
AE23,,,AVCCAUXRXB_105,,,,,,,,2.5,,
AE24,,,AVCCAUXMGT_105,,,,,,,,2.5,,
AE25,,,GNDA_105,,,,,,,,,,
AE26,,OPAD,TXNPADB_105,UNUSED,,,,,,,,,
AF2,,OPAD,TXPPADA_110,UNUSED,,,,,,,,,
AF3,,OPAD,TXNPADA_110,UNUSED,,,,,,,,,
AF4,,OPAD,TXPPADB_110,UNUSED,,,,,,,,,
AF5,,OPAD,TXNPADB_110,UNUSED,,,,,,,,,
AF6,,,VTRXB_110,,,,,,,,,,
AF7,,IPAD,RXPPADB_110,UNUSED,,,,,,,,,
AF8,,IPAD,RXNPADB_110,UNUSED,,,,,,,,,
AF9,,,GNDA_110,,,,,,,,,,
AF10,,IPAD,MGTCLK_P_110,UNUSED,,,,,,,,,
AF11,,IPAD,MGTCLK_N_110,UNUSED,,,,,,,,,
AF12,,,GNDA_110,,,,,,,,,,
AF13,,IOB,IO_L2N_GC_LC_4,UNUSED,,4,,,,,,,
AF14,,IOB,IO_L2P_GC_LC_4,UNUSED,,4,,,,,,,
AF15,,IOB,IO_L1N_GC_LC_4,UNUSED,,4,,,,,,,
AF16,,,NC,,,,,,,,,,
AF17,,,NC,,,,,,,,,,
AF18,,,NC,,,,,,,,,,
AF19,,,GNDA_105,,,,,,,,,,
AF20,,IPAD,MGTCLK_N_105,UNUSED,,,,,,,,,
AF21,,IPAD,MGTCLK_P_105,UNUSED,,,,,,,,,
AF22,,,GNDA_105,,,,,,,,,,
AF23,,IPAD,RXNPADB_105,UNUSED,,,,,,,,,
AF24,,IPAD,RXPPADB_105,UNUSED,,,,,,,,,
AF25,,,VTRXB_105,,,,,,,,,,
B1,,OPAD,TXPPADA_113,UNUSED,,,,,,,,,
B2,,,GNDA_113,,,,,,,,,,
B3,,,GNDA_113,,,,,,,,,,
B4,,,AVCCAUXRXA_113,,,,,,,,2.5,,
B5,,,GNDA_113,,,,,,,,,,
B6,,IOB,IO_L10P_6,UNUSED,,6,,,,,,,
B7,,IOB,IO_L6P_6,UNUSED,,6,,,,,,,
B8,,,GND,,,,,,,,,,
B9,,IOB,IO_L17P_6,UNUSED,,6,,,,,,,
B10,,IOB,IO_L23P_VRN_6,UNUSED,,6,,,,,,,
B11,,IOB,IO_L27N_6,UNUSED,,6,,,,,,,
B12,,IOB,IO_L8N_GC_LC_3,UNUSED,,3,,,,,,,
B13,,,VCCO_3,,,3,,,,,na,,
B14,,IOB,IO_L5N_GC_LC_3,UNUSED,,3,,,,,,,
B15,,IOB,IO_L32N_5,UNUSED,,5,,,,,,,
B16,,IOB,IO_L30P_5,UNUSED,,5,,,,,,,
B17,,IOB,IO_L24N_CC_LC_5,UNUSED,,5,,,,,,,
B18,,,GND,,,,,,,,,,
B19,,,GNDA_102,,,,,,,,,,
B20,,,AVCCAUXRXA_102,,,,,,,,2.5,,
B21,,,GNDA_102,,,,,,,,,,
B22,,,VTTXA_102,,,,,,,,,,
B23,,,AVCCAUXTX_102,,,,,,,,2.5,,
B24,,,VTTXB_102,,,,,,,,,,
B25,,,GNDA_102,,,,,,,,,,
B26,,,VTRXB_102,,,,,,,,,,
C1,,OPAD,TXNPADA_113,UNUSED,,,,,,,,,
C2,,,VTTXA_113,,,,,,,,,,
C3,,IOB,IO_L18P_6,UNUSED,,6,,,,,,,
C4,,IOB,IO_L14P_6,UNUSED,,6,,,,,,,
C5,,,GND,,,,,,,,,,
C6,,IOB,IO_L10N_6,UNUSED,,6,,,,,,,
C7,,IOB,IO_L6N_6,UNUSED,,6,,,,,,,
C8,,IOB,IO_L7N_6,UNUSED,,6,,,,,,,
C9,,IOB,IO_L13N_6,UNUSED,,6,,,,,,,
C10,,,VCCO_6,,,6,,,,,na,,
C11,,IOB,IO_L27P_6,UNUSED,,6,,,,,,,
C12,,IOB,IO_L6N_GC_LC_3,UNUSED,,3,,,,,,,
C13,,IOB,IO_L6P_GC_LC_3,UNUSED,,3,,,,,,,
C14,,IOB,IO_L5P_GC_LC_3,UNUSED,,3,,,,,,,
C15,,,GND,,,,,,,,,,
C16,,IOB,IO_L30N_5,UNUSED,,5,,,,,,,
C17,,IOB,IO_L22N_5,UNUSED,,5,,,,,,,
C18,,IOB,IO_L22P_5,UNUSED,,5,,,,,,,
C19,,IOB,IO_L16P_5,UNUSED,,5,,,,,,,
C20,,,VCCO_5,,,5,,,,,na,,
C21,,IOB,IO_L10N_5,UNUSED,,5,,,,,,,
C22,,IOB,IO_L12N_VREF_5,UNUSED,,5,,,,,,,
C23,,IOB,IO_L12P_5,UNUSED,,5,,,,,,,
C24,,IOB,IO_L9N_CC_LC_5,UNUSED,,5,,,,,,,
C25,,,AVCCAUXMGT_102,,,,,,,,2.5,,
C26,,IPAD,RXPPADB_102,UNUSED,,,,,,,,,
D1,,OPAD,TXPPADB_113,UNUSED,,,,,,,,,
D2,,,AVCCAUXTX_113,,,,,,,,2.5,,
D3,,IOB,IO_L18N_6,UNUSED,,6,,,,,,,
D4,,IOB,IO_L14N_6,UNUSED,,6,,,,,,,
D5,,IOB,IO_L12P_6,UNUSED,,6,,,,,,,
D6,,IOB,IO_L8P_CC_LC_6,UNUSED,,6,,,,,,,
D7,,,VCCO_6,,,6,,,,,na,,
D8,,IOB,IO_L7P_6,UNUSED,,6,,,,,,,
D9,,IOB,IO_L13P_6,UNUSED,,6,,,,,,,
D10,,IOB,IO_L21N_6,UNUSED,,6,,,,,,,
D11,,IOB,IO_L25N_CC_LC_6,UNUSED,,6,,,,,,,
D12,,,GND,,,,,,,,,,
D13,,IOB,IO_L4P_GC_LC_3,UNUSED,,3,,,,,,,
D14,,IOB,IO_L3N_GC_LC_3,UNUSED,,3,,,,,,,
D15,,IOB,IO_L3P_GC_LC_3,UNUSED,,3,,,,,,,
D16,,IOB,IO_L28P_5,UNUSED,,5,,,,,,,
D17,,,VCCO_5,,,5,,,,,na,,
D18,,IOB,IO_L20P_5,UNUSED,,5,,,,,,,
D19,,IOB,IO_L16N_5,UNUSED,,5,,,,,,,
D20,,IOB,IO_L8N_CC_LC_5,UNUSED,,5,,,,,,,
D21,,IOB,IO_L10P_5,UNUSED,,5,,,,,,,
D22,,,GND,,,,,,,,,,
D23,,IOB,IO_L7N_5,UNUSED,,5,,,,,,,
D24,,IOB,IO_L9P_CC_LC_5,UNUSED,,5,,,,,,,
D25,,,AVCCAUXRXB_102,,,,,,,,2.5,,
D26,,IPAD,RXNPADB_102,UNUSED,,,,,,,,,
E1,,OPAD,TXNPADB_113,UNUSED,,,,,,,,,
E2,,,VTTXB_113,,,,,,,,,,
E3,,IOB,IO_L20P_6,UNUSED,,6,,,,,,,
E4,,,VCCO_6,,,6,,,,,na,,
E5,,IOB,IO_L12N_VREF_6,UNUSED,,6,,,,,,,
E6,,IOB,IO_L8N_CC_LC_6,UNUSED,,6,,,,,,,
E7,,IOB,IO_L5N_6,UNUSED,,6,,,,,,,
E8,,IOB,IO_L5P_6,UNUSED,,6,,,,,,,
E9,,,GND,,,,,,,,,,
E10,,IOB,IO_L21P_6,UNUSED,,6,,,,,,,
E11,,IOB,IO_L25P_CC_LC_6,UNUSED,,6,,,,,,,
E12,,,TDN_0,,,,,,,,,,
E13,,IOB,IO_L4N_GC_VREF_LC_3,UNUSED,,3,,,,,,,
E14,,,VCCO_3,,,3,,,,,na,,
E15,,IOB,IO_L1N_GC_CC_LC_3,UNUSED,,3,,,,,,,
E16,,IOB,IO_L28N_VREF_5,UNUSED,,5,,,,,,,
E17,,IOB,IO_L18P_5,UNUSED,,5,,,,,,,
E18,,IOB,IO_L20N_VREF_5,UNUSED,,5,,,,,,,
E19,,,GND,,,,,,,,,,
E20,,IOB,IO_L8P_CC_LC_5,UNUSED,,5,,,,,,,
E21,,IOB,IO_L3N_5,UNUSED,,5,,,,,,,
E22,,IOB,IO_L3P_5,UNUSED,,5,,,,,,,
E23,,IOB,IO_L7P_5,UNUSED,,5,,,,,,,
E24,,,VCCO_5,,,5,,,,,na,,
E25,,,GNDA_102,,,,,,,,,,
E26,,,GNDA_102,,,,,,,,,,
F1,,,VTRXB_113,,,,,,,,,,
F2,,,GNDA_113,,,,,,,,,,
F3,,IOB,IO_L20N_VREF_6,UNUSED,,6,,,,,,,
F4,,IOB,IO_L16N_6,UNUSED,,6,,,,,,,
F5,,,VCCAUX,,,,,,,,2.5,,
F6,,,GND,,,,,,,,,,
F7,,IOB,IO_L3N_6,UNUSED,,6,,,,,,,
F8,,IOB,IO_L3P_6,UNUSED,,6,,,,,,,
F9,,,VCCINT,,,,,,,,1.5,,
F10,,IOB,IO_L19N_6,UNUSED,,6,,,,,,,
F11,,,VCCO_6,,,6,,,,,na,,
F12,,,TDP_0,,,,,,,,,,
F13,,IOB,IO_L2N_GC_VRP_LC_3,UNUSED,,3,,,,,,,
F14,,IOB,IO_L2P_GC_VRN_LC_3,UNUSED,,3,,,,,,,
F15,,IOB,IO_L1P_GC_CC_LC_3,UNUSED,,3,,,,,,,
F16,,,GND,,,,,,,,,,
F17,,IOB,IO_L18N_5,UNUSED,,5,,,,,,,
F18,,IOB,IO_L6N_5,UNUSED,,5,,,,,,,
F19,,IOB,IO_L6P_5,UNUSED,,5,,,,,,,
F20,,IOB,IO_L1N_5,UNUSED,,5,,,,,,,
F21,,,VCCO_5,,,5,,,,,na,,
F22,,IOB,IO_L5N_5,UNUSED,,5,,,,,,,
F23,,IOB,IO_L11N_5,UNUSED,,5,,,,,,,
F24,,IOB,IO_L11P_5,UNUSED,,5,,,,,,,
F25,,,VCCAUX,,,,,,,,2.5,,
F26,,IPAD,MGTCLK_P_102,UNUSED,,,,,,,,,
G1,,IPAD,RXPPADB_113,UNUSED,,,,,,,,,
G2,,,AVCCAUXMGT_113,,,,,,,,2.5,,
G3,,,GND,,,,,,,,,,
G4,,IOB,IO_L24N_CC_LC_6,UNUSED,,6,,,,,,,
G5,,IOB,IO_L16P_6,UNUSED,,6,,,,,,,
G6,,,VCCINT,,,,,,,,1.5,,
G7,,IOB,IO_L4P_6,UNUSED,,6,,,,,,,
G8,,,VCCO_6,,,6,,,,,na,,
G9,,IOB,IO_L11N_6,UNUSED,,6,,,,,,,
G10,,IOB,IO_L19P_6,UNUSED,,6,,,,,,,
G11,,IOB,IO_L29N_6,UNUSED,,6,,,,,,,
G12,,IOB,IO_L29P_6,UNUSED,,6,,,,,,,
G13,,,GND,,,,,,,,,,
G14,,IOB,IO_L3N_D26_LC_1,UNUSED,,1,,,,,,,
G15,,IOB,IO_L7N_D18_LC_1,UNUSED,,1,,,,,,,
G16,,IOB,IO_L7P_D19_LC_1,UNUSED,,1,,,,,,,
G17,,IOB,IO_L14P_5,UNUSED,,5,,,,,,,
G18,,,VCCO_5,,,5,,,,,na,,
G19,,IOB,IO_L4P_5,UNUSED,,5,,,,,,,
G20,,IOB,IO_L1P_5,UNUSED,,5,,,,,,,
G21,,IOB,IO_L5P_5,UNUSED,,5,,,,,,,
G22,,IOB,IO_L13N_5,UNUSED,,5,,,,,,,
G23,,,GND,,,,,,,,,,
G24,,IOB,IO_L15N_5,UNUSED,,5,,,,,,,
G25,,,VCCAUX,,,,,,,,2.5,,
G26,,IPAD,MGTCLK_N_102,UNUSED,,,,,,,,,
H1,,IPAD,RXNPADB_113,UNUSED,,,,,,,,,
H2,,,AVCCAUXRXB_113,,,,,,,,2.5,,
H3,,IOB,IO_L28N_VREF_6,UNUSED,,6,,,,,,,
H4,,IOB,IO_L24P_CC_LC_6,UNUSED,,6,,,,,,,
H5,,,VCCO_6,,,6,,,,,na,,
H6,,IOB,IO_L4N_VREF_6,UNUSED,,6,,,,,,,
H7,,IOB,IO_L1N_6,UNUSED,,6,,,,,,,
H8,,IOB,IO_L1P_6,UNUSED,,6,,,,,,,
H9,,IOB,IO_L11P_6,UNUSED,,6,,,,,,,
H10,,,GND,,,,,,,,,,
H11,,IOB,IO_L8P_D17_CC_LC_1,UNUSED,,1,,,,,,,
H12,,IOB,IO_L4N_D24_VREF_LC_1,UNUSED,,1,,,,,,,
H13,,IOB,IO_L4P_D25_LC_1,UNUSED,,1,,,,,,,
H14,,IOB,IO_L3P_D27_LC_1,UNUSED,,1,,,,,,,
H15,,,VCCO_1,,,1,,,,,na,,
H16,,IOB,IO_L5N_D22_LC_1,UNUSED,,1,,,,,,,
H17,,IOB,IO_L14N_5,UNUSED,,5,,,,,,,
H18,,IOB,IO_L4N_VREF_5,UNUSED,,5,,,,,,,
H19,,IOB,IO_L2P_5,UNUSED,,5,,,,,,,
H20,,,GND,,,,,,,,,,
H21,,,VCCAUX,,,,,,,,2.5,,
H22,,IOB,IO_L13P_5,UNUSED,,5,,,,,,,
H23,,IOB,IO_L23N_VRP_5,UNUSED,,5,,,,,,,
H24,,IOB,IO_L15P_5,UNUSED,,5,,,,,,,
H25,,,GNDA_102,,,,,,,,,,
H26,,,GNDA_102,,,,,,,,,,
J1,,,GNDA_113,,,,,,,,,,
J2,,,GNDA_113,,,,,,,,,,
J3,,IOB,IO_L30N_6,UNUSED,,6,,,,,,,
J4,,IOB,IO_L28P_6,UNUSED,,6,,,,,,,
J5,,IOB,IO_L22N_6,UNUSED,,6,,,,,,,
J6,,,VCCAUX,,,,,,,,2.5,,
J7,,,GND,,,,,,,,,,
J8,,,VCCINT,,,,,,,,1.5,,
J9,,IOB,IO_L9P_CC_LC_6,UNUSED,,6,,,,,,,
J10,,,VCCINT,,,,,,,,1.5,,
J11,,IOB,IO_L8N_D16_CC_LC_1,UNUSED,,1,,,,,,,
J12,,,VCCO_1,,,1,,,,,na,,
J13,,IOB,IO_L2N_D28_LC_1,UNUSED,,1,,,,,,,
J14,,IOB,IO_L1N_D30_LC_1,UNUSED,,1,,,,,,,
J15,,IOB,IO_L1P_D31_LC_1,UNUSED,,1,,,,,,,
J16,,IOB,IO_L5P_D23_LC_1,UNUSED,,1,,,,,,,
J17,,,GND,,,,,,,,,,
J18,,,VCCINT,,,,,,,,1.5,,
J19,,IOB,IO_L2N_5,UNUSED,,5,,,,,,,
J20,,,VCCINT,,,,,,,,1.5,,
J21,,IOB,IO_L21N_5,UNUSED,,5,,,,,,,
J22,,,VCCO_5,,,5,,,,,na,,
J23,,IOB,IO_L19P_5,UNUSED,,5,,,,,,,
J24,,IOB,IO_L23P_VRN_5,UNUSED,,5,,,,,,,
J25,,,NC,,,,,,,,,,
J26,,,NC,,,,,,,,,,
K1,,IPAD,MGTCLK_P_113,UNUSED,,,,,,,,,
K2,,,GNDA_113,,,,,,,,,,
K3,,IOB,IO_L30P_6,UNUSED,,6,,,,,,,
K4,,,GND,,,,,,,,,,
K5,,,VCCINT,,,,,,,,1.5,,
K6,,IOB,IO_L22P_6,UNUSED,,6,,,,,,,
K7,,IOB,IO_L15N_6,UNUSED,,6,,,,,,,
K8,,IOB,IO_L15P_6,UNUSED,,6,,,,,,,
K9,,,VCCO_6,,,6,,,,,na,,
K10,,IOB,IO_L9N_CC_LC_6,UNUSED,,6,,,,,,,
K11,,IOB,IO_L6N_D20_LC_1,UNUSED,,1,,,,,,,
K12,,IOB,IO_L6P_D21_LC_1,UNUSED,,1,,,,,,,
K13,,IOB,IO_L2P_D29_LC_1,UNUSED,,1,,,,,,,
K14,,,GND,,,,,,,,,,
K15,,,DONE_0,,,,,,,,,,
K16,,,HSWAPEN_0,,,,,,,,,,
K17,,,PROGRAM_B_0,,,,,,,,,,
K18,,IOB,IO_L26N_5,UNUSED,,5,,,,,,,
K19,,,VCCO_5,,,5,,,,,na,,
K20,,IOB,IO_L17P_5,UNUSED,,5,,,,,,,
K21,,IOB,IO_L21P_5,UNUSED,,5,,,,,,,
K22,,IOB,IO_L25P_CC_LC_5,UNUSED,,5,,,,,,,
K23,,IOB,IO_L19N_5,UNUSED,,5,,,,,,,
K24,,,GND,,,,,,,,,,
K25,,,NC,,,,,,,,,,
K26,,,NC,,,,,,,,,,
L1,,IPAD,MGTCLK_N_113,UNUSED,,,,,,,,,
L2,,,GNDA_113,,,,,,,,,,
L3,,IOB,IO_L2N_8,UNUSED,,8,,,,,,,
L4,,IOB,IO_L2P_8,UNUSED,,8,,,,,,,
L5,,IOB,IO_L32N_6,UNUSED,,6,,,,,,,
L6,,,VCCO_6,,,6,,,,,na,,
L7,,IOB,IO_L26P_6,UNUSED,,6,,,,,,,
L8,,,VCCINT,,,,,,,,1.5,,
L9,,IOB,IO_L31N_6,UNUSED,,6,,,,,,,
L10,,IOB,IO_L31P_6,UNUSED,,6,,,,,,,
L11,,,GND,,,,,,,,,,
L12,,,VCCINT,,,,,,,,1.5,,
L13,,,D_IN_0,,,,,,,,,,
L14,,,VCCINT,,,,,,,,1.5,,
L15,,,INIT_0,,,,,,,,,,
L16,,,VCCO_0,,,0,,,,,na,,
L17,,,VBATT_0,,,,,,,,,,
L18,,IOB,IO_L26P_5,UNUSED,,5,,,,,,,
L19,,IOB,IO_L17N_5,UNUSED,,5,,,,,,,
L20,,,VCCINT,,,,,,,,1.5,,
L21,,,GND,,,,,,,,,,
L22,,,VCCAUX,,,,,,,,2.5,,
L23,,IOB,IO_L25N_CC_LC_5,UNUSED,,5,,,,,,,
L24,,IOB,IO_L27P_5,UNUSED,,5,,,,,,,
L25,,,NC,,,,,,,,,,
L26,,,NC,,,,,,,,,,
M1,,,GNDA_113,,,,,,,,,,
M2,,,GNDA_113,,,,,,,,,,
M3,,,VCCO_8,,,8,,,,,na,,
M4,,IOB,IO_L4P_8,UNUSED,,8,,,,,,,
M5,,IOB,IO_L32P_6,UNUSED,,6,,,,,,,
M6,,IOB,IO_L26N_6,UNUSED,,6,,,,,,,
M7,,,VCCAUX,,,,,,,,2.5,,
M8,,,GND,,,,,,,,,,
M9,,,NC,,,,,,,,,,
M10,,,NC,,,,,,,,,,
M11,,,NC,,,,,,,,,,
M12,,,CS_B_0,,,,,,,,,,
M13,,,VCCO_0,,,0,,,,,na,,
M14,,,CCLK_0,,,,,,,,,,
M15,,,VCCINT,,,,,,,,1.5,,
M16,,,M2_0,,,,,,,,,,
M17,,,VCCINT,,,,,,,,1.5,,
M18,,,GND,,,,,,,,,,
M19,,,NC,,,,,,,,,,
M20,,,NC,,,,,,,,,,
M21,,,NC,,,,,,,,,,
M22,,IOB,IO_L29P_5,UNUSED,,5,,,,,,,
M23,,,VCCO_5,,,5,,,,,na,,
M24,,IOB,IO_L27N_5,UNUSED,,5,,,,,,,
M25,,,NC,,,,,,,,,,
M26,,,NC,,,,,,,,,,
N1,,,NC,,,,,,,,,,
N2,,,NC,,,,,,,,,,
N3,,IOB,IO_L10P_8,UNUSED,,8,,,,,,,
N4,,IOB,IO_L4N_VREF_8,UNUSED,,8,,,,,,,
N5,,,GND,,,,,,,,,,
N6,,,NC,,,,,,,,,,
N7,,,NC,,,,,,,,,,
N8,,,NC,,,,,,,,,,
N9,,,NC,,,,,,,,,,
N10,,,NC,,,,,,,,,,
N11,,,NC,,,,,,,,,,
N12,,,VCCAUX,,,,,,,,2.5,,
N13,,,GND,,,,,,,,,,
N14,,,VCCINT,,,,,,,,1.5,,
N15,,,GND,,,,,,,,,,
N16,,,NC,,,,,,,,,,
N17,,,NC,,,,,,,,,,
N18,,,NC,,,,,,,,,,
N19,,,NC,,,,,,,,,,
N20,,,NC,,,,,,,,,,
N21,,,NC,,,,,,,,,,
N22,,IOB,IO_L29N_5,UNUSED,,5,,,,,,,
N23,,IOB,IO_L31N_5,UNUSED,,5,,,,,,,
N24,,IOB,IO_L31P_5,UNUSED,,5,,,,,,,
N25,,,NC,,,,,,,,,,
N26,,,NC,,,,,,,,,,
P1,,,NC,,,,,,,,,,
P2,,,NC,,,,,,,,,,
P3,,IOB,IO_L10N_8,UNUSED,,8,,,,,,,
P4,,IOB,IO_L8P_CC_LC_8,UNUSED,,8,,,,,,,
P5,,IOB,IO_L6P_8,UNUSED,,8,,,,,,,
P6,,,NC,,,,,,,,,,
P7,,,NC,,,,,,,,,,
P8,,,NC,,,,,,,,,,
P9,,,NC,,,,,,,,,,
P10,,,NC,,,,,,,,,,
P11,,,NC,,,,,,,,,,
P12,,,GND,,,,,,,,,,
P13,,,VCCINT,,,,,,,,1.5,,
P14,,,M0_0,,,,,,,,,,
P15,,,VCCAUX,,,,,,,,2.5,,
P16,,,NC,,,,,,,,,,
P17,,,NC,,,,,,,,,,
P18,,,NC,,,,,,,,,,
P19,,,NC,,,,,,,,,,
P20,,,NC,,,,,,,,,,
P21,,,NC,,,,,,,,,,
P22,,,GND,,,,,,,,,,
P23,,,VCCAUX,,,,,,,,2.5,,
P24,,IOB,IO_L1P_7,UNUSED,,7,,,,,,,
P25,,,NC,,,,,,,,,,
P26,,,NC,,,,,,,,,,
R1,,,NC,,,,,,,,,,
R2,,,NC,,,,,,,,,,
R3,,IOB,IO_L8N_CC_LC_8,UNUSED,,8,,,,,,,
R4,,,VCCO_8,,,8,,,,,na,,
R5,,IOB,IO_L6N_8,UNUSED,,8,,,,,,,
R6,,,NC,,,,,,,,,,
R7,,,NC,,,,,,,,,,
R8,,,NC,,,,,,,,,,
R9,,,GND,,,,,,,,,,
R10,,,VCCINT,,,,,,,,1.5,,
R11,,,RDWR_B_0,,,,,,,,,,
R12,,,VCCINT,,,,,,,,1.5,,
R13,,,TDO_0,,,,,,,,,,
R14,,,VCCO_0,,,0,,,,,na,,
R15,,,M1_0,,,,,,,,,,
R16,,,NC,,,,,,,,,,
R17,,,NC,,,,,,,,,,
R18,,,NC,,,,,,,,,,
R19,,,GND,,,,,,,,,,
R20,,IOB,IO_L3N_7,UNUSED,,7,,,,,,,
R21,,IOB,IO_L3P_7,UNUSED,,7,,,,,,,
R22,,,VCCINT,,,,,,,,1.5,,
R23,,IOB,IO_L1N_7,UNUSED,,7,,,,,,,
R24,,,VCCO_7,,,7,,,,,2.50,,
R25,,,NC,,,,,,,,,,
R26,,,NC,,,,,,,,,,
T1,,,NC,,,,,,,,,,
T2,,,NC,,,,,,,,,,
T3,,IOB,IO_L12N_VREF_8,UNUSED,,8,,,,,,,
T4,,IOB,IO_L12P_8,UNUSED,,8,,,,,,,
T5,,,VCCAUX,,,,,,,,2.5,,
T6,,,GND,,,,,,,,,,
T7,,,VCCINT,,,,,,,,1.5,,
T8,,IOB,IO_L5N_8,UNUSED,,8,,,,,,,
T9,,IOB,IO_L5P_8,UNUSED,,8,,,,,,,
T10,,,TMS_0,,,,,,,,,,
T11,,,VCCO_0,,,0,,,,,na,,
T12,,,GND,,,,,,,,,,
T13,,,VCCINT,,,,,,,,1.5,,
T14,,,DOUT_BUSY_0,,,,,,,,,,
T15,,,VCCINT,,,,,,,,1.5,,
T16,,,GND,,,,,,,,,,
T17,,IOB,IO_L6P_7,UNUSED,,7,,,,,,,
T18,,IOB,IO_L12N_VREF_7,UNUSED,,7,,,,,,,
T19,,,VCCINT,,,,,,,,1.5,,
T20,,IOB,IO_L15N_7,UNUSED,,7,,,,,,,
T21,,,VCCO_7,,,7,,,,,2.50,,
T22,,IOB,IO_L5N_7,UNUSED,,7,,,,,,,
T23,,IOB,IO_L5P_7,UNUSED,,7,,,,,,,
T24,,IOB,IO_L7N_7,UNUSED,,7,,,,,,,
T25,,,NC,,,,,,,,,,
T26,,,NC,,,,,,,,,,
U1,,,NC,,,,,,,,,,
U2,,,NC,,,,,,,,,,
U3,,,GND,,,,,,,,,,
U4,,IOB,IO_L14P_8,UNUSED,,8,,,,,,,
U5,,IOB,IO_L11N_8,UNUSED,,8,,,,,,,
U6,,IOB,IO_L11P_8,UNUSED,,8,,,,,,,
U7,,IOB,IO_L13P_8,UNUSED,,8,,,,,,,
U8,,,VCCO_8,,,8,,,,,na,,
U9,,IOB,IO_L15P_8,UNUSED,,8,,,,,,,
U10,,,TCK_0,,,,,,,,,,
U11,,,TDI_0,,,,,,,,,,
U12,,,PWRDWN_B_0,,,,,,,,,,
U13,,,GND,,,,,,,,,,
U14,,IOB,IO_L7P_D3_LC_2,UNUSED,,2,,,,,,,
U15,,IOB,IO_L3N_D10_LC_2,UNUSED,,2,,,,,,,
U16,,IOB,IO_L3P_D11_LC_2,UNUSED,,2,,,,,,,
U17,,IOB,IO_L6N_7,UNUSED,,7,,,,,,,
U18,,,VCCO_7,,,7,,,,,2.50,,
U19,,IOB,IO_L12P_7,UNUSED,,7,,,,,,,
U20,,IOB,IO_L15P_7,UNUSED,,7,,,,,,,
U21,,IOB,IO_L17N_7,UNUSED,,7,,,,,,,
U22,,,VCCINT,,,,,,,,1.5,,
U23,,,GND,,,,,,,,,,
U24,,IOB,IO_L7P_7,UNUSED,,7,,,,,,,
U25,,,NC,,,,,,,,,,
U26,,,NC,,,,,,,,,,
V1,,,NC,,,,,,,,,,
V2,,,NC,,,,,,,,,,
V3,,IOB,IO_L16P_8,UNUSED,,8,,,,,,,
V4,,IOB,IO_L14N_8,UNUSED,,8,,,,,,,
V5,,,VCCO_8,,,8,,,,,na,,
V6,,IOB,IO_L13N_8,UNUSED,,8,,,,,,,
V7,,,VCCINT,,,,,,,,1.5,,
V8,,IOB,IO_L15N_8,UNUSED,,8,,,,,,,
V9,,,VCCINT,,,,,,,,1.5,,
V10,,,GND,,,,,,,,,,
V11,,IOB,IO_L4N_D8_VREF_LC_2,UNUSED,,2,,,,,,,
V12,,IOB,IO_L8N_D0_LC_2,UNUSED,,2,,,,,,,
V13,,IOB,IO_L8P_D1_LC_2,UNUSED,,2,,,,,,,
V14,,IOB,IO_L7N_D2_LC_2,UNUSED,,2,,,,,,,
V15,,,VCCO_2,,,2,,,,,2.50,,
V16,,IOB,IO_L1P_D15_CC_LC_2,UNUSED,,2,,,,,,,
V17,,,VCCINT,,,,,,,,1.5,,
V18,,IOB,IO_L28N_VREF_7,UNUSED,,7,,,,,,,
V19,,,VCCINT,,,,,,,,1.5,,
V20,,,GND,,,,,,,,,,
V21,,IOB,IO_L17P_7,UNUSED,,7,,,,,,,
V22,,IOB,IO_L11N_7,UNUSED,,7,,,,,,,
V23,,IOB,IO_L11P_7,UNUSED,,7,,,,,,,
V24,,IOB,IO_L9N_CC_LC_7,UNUSED,,7,,,,,,,
V25,,,NC,,,,,,,,,,
V26,,,NC,,,,,,,,,,
W1,,,NC,,,,,,,,,,
W2,,,NC,,,,,,,,,,
W3,,IOB,IO_L16N_8,UNUSED,,8,,,,,,,
W4,,IOB,IO_L18N_8,UNUSED,,8,,,,,,,
W5,,IOB,IO_L22N_8,UNUSED,,8,,,,,,,
W6,,,VCCAUX,,,,,,,,2.5,,
W7,,,GND,,,,,,,,,,
W8,,IOB,IO_L23N_VRP_8,UNUSED,,8,,,,,,,
W9,,IOB,IO_L23P_VRN_8,UNUSED,,8,,,,,,,
W10,,IOB,IO_L9P_CC_LC_8,UNUSED,,8,,,,,,,
W11,,IOB,IO_L4P_D9_LC_2,UNUSED,,2,,,,,,,
W12,,,VCCO_2,,,2,,,,,2.50,,
W13,debug_o<6>,IOB,IO_L6N_D4_LC_2,OUTPUT,LVCMOS25,2,12,SLOW,NONE**,,,LOCATED,
W14,,IOB,IO_L5N_D6_LC_2,UNUSED,,2,,,,,,,
W15,,IOB,IO_L5P_D7_LC_2,UNUSED,,2,,,,,,,
W16,debug_o<9>,IOB,IO_L1N_D14_CC_LC_2,OUTPUT,LVCMOS25,2,12,SLOW,NONE**,,,LOCATED,
W17,,,GND,,,,,,,,,,
W18,,IOB,IO_L28P_7,UNUSED,,7,,,,,,,
W19,,IOB,IO_L27N_7,UNUSED,,7,,,,,,,
W20,,IOB,IO_L27P_7,UNUSED,,7,,,,,,,
W21,,IOB,IO_L23P_VRN_7,UNUSED,,7,,,,,,,
W22,,,VCCO_7,,,7,,,,,2.50,,
W23,,IOB,IO_L13P_7,UNUSED,,7,,,,,,,
W24,,IOB,IO_L9P_CC_LC_7,UNUSED,,7,,,,,,,
W25,,,GNDA_105,,,,,,,,,,
W26,,IPAD,RXPPADA_105,UNUSED,,,,,,,,,
Y1,,,NC,,,,,,,,,,
Y2,,,NC,,,,,,,,,,
Y3,,IOB,IO_L18P_8,UNUSED,,8,,,,,,,
Y4,,,GND,,,,,,,,,,
Y5,,IOB,IO_L22P_8,UNUSED,,8,,,,,,,
Y6,,IOB,IO_L26P_8,UNUSED,,8,,,,,,,
Y7,,IOB,IO_L31N_8,UNUSED,,8,,,,,,,
Y8,,IOB,IO_L27P_8,UNUSED,,8,,,,,,,
Y9,,,VCCO_8,,,8,,,,,na,,
Y10,,IOB,IO_L9N_CC_LC_8,UNUSED,,8,,,,,,,
Y11,debug_o<5>,IOB,IO_L2N_D12_LC_2,OUTPUT,LVCMOS25,2,12,SLOW,NONE**,,,LOCATED,
Y12,,IOB,IO_L2P_D13_LC_2,UNUSED,,2,,,,,,,
Y13,,IOB,IO_L6P_D5_LC_2,UNUSED,,2,,,,,,,
Y14,,,GND,,,,,,,,,,
Y15,debug_o<8>,IOB,IO_L8N_CC_LC_7,OUTPUT,LVCMOS25,7,12,SLOW,NONE**,,,LOCATED,
Y16,,IOB,IO_L8P_CC_LC_7,UNUSED,,7,,,,,,,
Y17,,IOB,IO_L14N_7,UNUSED,,7,,,,,,,
Y18,led3_o,IOB,IO_L20N_VREF_7,OUTPUT,LVCMOS25,7,12,SLOW,NONE**,,,LOCATED,
Y19,,,VCCO_7,,,7,,,,,2.50,,
Y20,,IOB,IO_L23N_VRP_7,UNUSED,,7,,,,,,,
Y21,,,VCCINT,,,,,,,,1.5,,
Y22,,IOB,IO_L21P_7,UNUSED,,7,,,,,,,
Y23,,IOB,IO_L13N_7,UNUSED,,7,,,,,,,
Y24,,,GND,,,,,,,,,,
Y25,,,AVCCAUXRXA_105,,,,,,,,2.5,,
Y26,,IPAD,RXNPADA_105,UNUSED,,,,,,,,,

-----,-----,-----,-----,-----,-----,-----,-----,-----,-----,-----,-----,-----,

* Default value.
** This default Pullup/Pulldown value can be overridden in Bitgen.

