<?xml version="1.0" encoding="UTF-8"?>
<!-- IMPORTANT: This is an internal file that has been generated
     by the Xilinx ISE software.  Any direct editing or
     changes made to this file may result in unpredictable
     behavior or data corruption.  It is strongly advised that
     users do not edit the contents of this file. -->
<DeviceUsageSummary rev="11">
<DesignStatistics TimeStamp="Tue May 17 11:13:09 2011"><group name="NetStatistics">
<item name="NumNets_Active" rev="11">
<attrib name="value" value="2960"/></item>
<item name="NumNets_Gnd" rev="11">
<attrib name="value" value="1"/></item>
<item name="NumNets_Vcc" rev="11">
<attrib name="value" value="1"/></item>
<item name="NumNodesOfType_Active_BRAMADDR" rev="11">
<attrib name="value" value="130"/></item>
<item name="NumNodesOfType_Active_BRAMDUMMY" rev="11">
<attrib name="value" value="32"/></item>
<item name="NumNodesOfType_Active_CLKPIN" rev="11">
<attrib name="value" value="887"/></item>
<item name="NumNodesOfType_Active_CNTRLPIN" rev="11">
<attrib name="value" value="899"/></item>
<item name="NumNodesOfType_Active_DOUBLE" rev="11">
<attrib name="value" value="5379"/></item>
<item name="NumNodesOfType_Active_DUMMY" rev="11">
<attrib name="value" value="5927"/></item>
<item name="NumNodesOfType_Active_DUMMYBANK" rev="11">
<attrib name="value" value="91"/></item>
<item name="NumNodesOfType_Active_DUMMYESC" rev="11">
<attrib name="value" value="7"/></item>
<item name="NumNodesOfType_Active_GLOBAL" rev="11">
<attrib name="value" value="277"/></item>
<item name="NumNodesOfType_Active_HFULLHEX" rev="11">
<attrib name="value" value="27"/></item>
<item name="NumNodesOfType_Active_HLONG" rev="11">
<attrib name="value" value="5"/></item>
<item name="NumNodesOfType_Active_HUNIHEX" rev="11">
<attrib name="value" value="192"/></item>
<item name="NumNodesOfType_Active_INPUT" rev="11">
<attrib name="value" value="7459"/></item>
<item name="NumNodesOfType_Active_IOBOUTPUT" rev="11">
<attrib name="value" value="9"/></item>
<item name="NumNodesOfType_Active_OMUX" rev="11">
<attrib name="value" value="3120"/></item>
<item name="NumNodesOfType_Active_OUTPUT" rev="11">
<attrib name="value" value="2929"/></item>
<item name="NumNodesOfType_Active_PREBXBY" rev="11">
<attrib name="value" value="2310"/></item>
<item name="NumNodesOfType_Active_VFULLHEX" rev="11">
<attrib name="value" value="250"/></item>
<item name="NumNodesOfType_Active_VLONG" rev="11">
<attrib name="value" value="39"/></item>
<item name="NumNodesOfType_Active_VUNIHEX" rev="11">
<attrib name="value" value="287"/></item>
<item name="NumNodesOfType_Vcc_BRAMDUMMY" rev="11">
<attrib name="value" value="5"/></item>
<item name="NumNodesOfType_Vcc_CNTRLPIN" rev="11">
<attrib name="value" value="15"/></item>
<item name="NumNodesOfType_Vcc_DUMMY" rev="11">
<attrib name="value" value="76"/></item>
<item name="NumNodesOfType_Vcc_INPUT" rev="11">
<attrib name="value" value="134"/></item>
<item name="NumNodesOfType_Vcc_PREBXBY" rev="11">
<attrib name="value" value="53"/></item>
<item name="NumNodesOfType_Vcc_VCCOUT" rev="11">
<attrib name="value" value="69"/></item>
</group>
<group name="MiscellaneousStatistics">
<item name="AGG_BONDED_IO" rev="10">
<attrib name="value" value="28"/></item>
<item name="AGG_IO" rev="10">
<attrib name="value" value="28"/></item>
<item name="AGG_SLICE" rev="10">
<attrib name="value" value="1517"/></item>
<item name="NUM_4_INPUT_LUT" rev="10">
<attrib name="value" value="2063"/></item>
<item name="NUM_BONDED_DIFFM" rev="10">
<attrib name="value" value="1"/></item>
<item name="NUM_BONDED_DIFFS" rev="10">
<attrib name="value" value="1"/></item>
<item name="NUM_BONDED_IBUF" rev="10">
<attrib name="value" value="5"/></item>
<item name="NUM_BONDED_IOB" rev="10">
<attrib name="value" value="21"/></item>
<item name="NUM_BSCAN" rev="10">
<attrib name="value" value="1"/></item>
<item name="NUM_BUFGMUX" rev="10">
<attrib name="value" value="6"/></item>
<item name="NUM_CARRY_SKIP" rev="10">
<attrib name="value" value="3"/></item>
<item name="NUM_CYMUX" rev="10">
<attrib name="value" value="646"/></item>
<item name="NUM_DCM" rev="10">
<attrib name="value" value="1"/></item>
<item name="NUM_IOB_FF" rev="10">
<attrib name="value" value="5"/></item>
<item name="NUM_LUT_RT" rev="10">
<attrib name="value" value="214"/></item>
<item name="NUM_MULTAND" rev="10">
<attrib name="value" value="13"/></item>
<item name="NUM_RAMB16" rev="10">
<attrib name="value" value="5"/></item>
<item name="NUM_RPM" rev="10">
<attrib name="value" value="12"/></item>
<item name="NUM_SHIFT" rev="10">
<attrib name="value" value="70"/></item>
<item name="NUM_SLICEL" rev="10">
<attrib name="value" value="1461"/></item>
<item name="NUM_SLICEM" rev="10">
<attrib name="value" value="56"/></item>
<item name="NUM_SLICE_FF" rev="10">
<attrib name="value" value="1392"/></item>
<item name="NUM_XOR" rev="10">
<attrib name="value" value="490"/></item>
<item name="Xilinx Core chipscope_icon_v1_03_a, Xilinx CORE Generator 10.1.03" rev="10">
<attrib name="value" value="1"/></item>
<item name="Xilinx Core chipscope_ila_v1_02_a, Xilinx CORE Generator 10.1.03" rev="10">
<attrib name="value" value="1"/></item>
</group>
</DesignStatistics>
<DeviceUsage TimeStamp="Tue May 17 11:13:09 2011"><group name="SiteSummary">
<item name="BSCAN" rev="11">
<attrib name="total" value="1000000"/><attrib name="used" value="1"/></item>
<item name="BSCAN_BSCAN_BLACKBOX" rev="11">
<attrib name="total" value="1000000"/><attrib name="used" value="1"/></item>
<item name="BUFGMUX" rev="11">
<attrib name="total" value="1000000"/><attrib name="used" value="6"/></item>
<item name="BUFGMUX_GCLKMUX" rev="11">
<attrib name="total" value="1000000"/><attrib name="used" value="6"/></item>
<item name="BUFGMUX_GCLK_BUFFER" rev="11">
<attrib name="total" value="1000000"/><attrib name="used" value="6"/></item>
<item name="DCM" rev="11">
<attrib name="total" value="1000000"/><attrib name="used" value="1"/></item>
<item name="DCM_DCM" rev="11">
<attrib name="total" value="1000000"/><attrib name="used" value="1"/></item>
<item name="DIFFM" rev="11">
<attrib name="total" value="1000000"/><attrib name="used" value="1"/></item>
<item name="DIFFM_INBUF" rev="11">
<attrib name="total" value="1000000"/><attrib name="used" value="1"/></item>
<item name="DIFFM_PAD" rev="11">
<attrib name="total" value="1000000"/><attrib name="used" value="1"/></item>
<item name="DIFFS" rev="11">
<attrib name="total" value="1000000"/><attrib name="used" value="1"/></item>
<item name="DIFFS_PAD" rev="11">
<attrib name="total" value="1000000"/><attrib name="used" value="1"/></item>
<item name="DIFFS_PADOUT_USED" rev="11">
<attrib name="total" value="1000000"/><attrib name="used" value="1"/></item>
<item name="IBUF" rev="11">
<attrib name="total" value="1000000"/><attrib name="used" value="5"/></item>
<item name="IBUF_IFD_DELAY" rev="11">
<attrib name="total" value="1000000"/><attrib name="used" value="2"/></item>
<item name="IBUF_IFF1" rev="11">
<attrib name="total" value="1000000"/><attrib name="used" value="2"/></item>
<item name="IBUF_INBUF" rev="11">
<attrib name="total" value="1000000"/><attrib name="used" value="5"/></item>
<item name="IBUF_PAD" rev="11">
<attrib name="total" value="1000000"/><attrib name="used" value="5"/></item>
<item name="IOB" rev="11">
<attrib name="total" value="1000000"/><attrib name="used" value="21"/></item>
<item name="IOB_IFD_DELAY" rev="11">
<attrib name="total" value="1000000"/><attrib name="used" value="1"/></item>
<item name="IOB_IFF1" rev="11">
<attrib name="total" value="1000000"/><attrib name="used" value="1"/></item>
<item name="IOB_INBUF" rev="11">
<attrib name="total" value="1000000"/><attrib name="used" value="1"/></item>
<item name="IOB_OFF1" rev="11">
<attrib name="total" value="1000000"/><attrib name="used" value="2"/></item>
<item name="IOB_OUTBUF" rev="11">
<attrib name="total" value="1000000"/><attrib name="used" value="21"/></item>
<item name="IOB_PAD" rev="11">
<attrib name="total" value="1000000"/><attrib name="used" value="21"/></item>
<item name="RAMB16" rev="11">
<attrib name="total" value="1000000"/><attrib name="used" value="5"/></item>
<item name="RAMB16_RAMB16" rev="11">
<attrib name="total" value="1000000"/><attrib name="used" value="5"/></item>
<item name="RAMB16_RAMB16A" rev="11">
<attrib name="total" value="1000000"/><attrib name="used" value="5"/></item>
<item name="RAMB16_RAMB16B" rev="11">
<attrib name="total" value="1000000"/><attrib name="used" value="5"/></item>
<item name="SLICEL" rev="11">
<attrib name="total" value="1000000"/><attrib name="used" value="1461"/></item>
<item name="SLICEL_C1VDD" rev="11">
<attrib name="total" value="1000000"/><attrib name="used" value="112"/></item>
<item name="SLICEL_C2VDD" rev="11">
<attrib name="total" value="1000000"/><attrib name="used" value="98"/></item>
<item name="SLICEL_CYMUXF" rev="11">
<attrib name="total" value="1000000"/><attrib name="used" value="330"/></item>
<item name="SLICEL_CYMUXG" rev="11">
<attrib name="total" value="1000000"/><attrib name="used" value="302"/></item>
<item name="SLICEL_F" rev="11">
<attrib name="total" value="1000000"/><attrib name="used" value="985"/></item>
<item name="SLICEL_F5MUX" rev="11">
<attrib name="total" value="1000000"/><attrib name="used" value="93"/></item>
<item name="SLICEL_F6MUX" rev="11">
<attrib name="total" value="1000000"/><attrib name="used" value="18"/></item>
<item name="SLICEL_FAND" rev="11">
<attrib name="total" value="1000000"/><attrib name="used" value="10"/></item>
<item name="SLICEL_FFX" rev="11">
<attrib name="total" value="1000000"/><attrib name="used" value="683"/></item>
<item name="SLICEL_FFY" rev="11">
<attrib name="total" value="1000000"/><attrib name="used" value="685"/></item>
<item name="SLICEL_G" rev="11">
<attrib name="total" value="1000000"/><attrib name="used" value="975"/></item>
<item name="SLICEL_GAND" rev="11">
<attrib name="total" value="1000000"/><attrib name="used" value="3"/></item>
<item name="SLICEL_GNDF" rev="11">
<attrib name="total" value="1000000"/><attrib name="used" value="159"/></item>
<item name="SLICEL_GNDG" rev="11">
<attrib name="total" value="1000000"/><attrib name="used" value="148"/></item>
<item name="SLICEL_XORF" rev="11">
<attrib name="total" value="1000000"/><attrib name="used" value="246"/></item>
<item name="SLICEL_XORG" rev="11">
<attrib name="total" value="1000000"/><attrib name="used" value="240"/></item>
<item name="SLICEM" rev="11">
<attrib name="total" value="1000000"/><attrib name="used" value="56"/></item>
<item name="SLICEM_CYMUXF" rev="11">
<attrib name="total" value="1000000"/><attrib name="used" value="7"/></item>
<item name="SLICEM_CYMUXG" rev="11">
<attrib name="total" value="1000000"/><attrib name="used" value="7"/></item>
<item name="SLICEM_F" rev="11">
<attrib name="total" value="1000000"/><attrib name="used" value="51"/></item>
<item name="SLICEM_F5MUX" rev="11">
<attrib name="total" value="1000000"/><attrib name="used" value="31"/></item>
<item name="SLICEM_F6MUX" rev="11">
<attrib name="total" value="1000000"/><attrib name="used" value="20"/></item>
<item name="SLICEM_FFX" rev="11">
<attrib name="total" value="1000000"/><attrib name="used" value="13"/></item>
<item name="SLICEM_FFY" rev="11">
<attrib name="total" value="1000000"/><attrib name="used" value="11"/></item>
<item name="SLICEM_FMC15_BLACKBOX" rev="11">
<attrib name="total" value="1000000"/><attrib name="used" value="22"/></item>
<item name="SLICEM_G" rev="11">
<attrib name="total" value="1000000"/><attrib name="used" value="52"/></item>
<item name="SLICEM_GMC15_BLACKBOX" rev="11">
<attrib name="total" value="1000000"/><attrib name="used" value="27"/></item>
<item name="SLICEM_GNDF" rev="11">
<attrib name="total" value="1000000"/><attrib name="used" value="7"/></item>
<item name="SLICEM_GNDG" rev="11">
<attrib name="total" value="1000000"/><attrib name="used" value="4"/></item>
<item name="SLICEM_VDDG" rev="11">
<attrib name="total" value="1000000"/><attrib name="used" value="3"/></item>
<item name="SLICEM_WSGEN" rev="11">
<attrib name="total" value="1000000"/><attrib name="used" value="37"/></item>
<item name="SLICEM_XORF" rev="11">
<attrib name="total" value="1000000"/><attrib name="used" value="4"/></item>
<item name="SLICEM_YBUSED" rev="11">
<attrib name="total" value="1000000"/><attrib name="used" value="3"/></item>
</group>
</DeviceUsage>
<ReportConfigData TimeStamp="Tue May 17 11:13:09 2011"><group name="IBUF_PAD">
<item name="IOATTRBOX" rev="11">
<attrib name="LVCMOS25" value="5"/></item>
</group>
<group name="IBUF_INBUF">
<item name="IFD_DELAY_VALUE" rev="11">
<attrib name="DLY3" value="2"/></item>
</group>
<group name="SLICEM_F">
<item name="F_ATTR" rev="11">
<attrib name="SHIFT_REG" value="33"/></item>
<item name="LUT_OR_MEM" rev="11">
<attrib name="LUT" value="18"/><attrib name="RAM" value="33"/></item>
</group>
<group name="SLICEM_G">
<item name="G_ATTR" rev="11">
<attrib name="SHIFT_REG" value="37"/></item>
<item name="LUT_OR_MEM" rev="11">
<attrib name="LUT" value="15"/><attrib name="RAM" value="37"/></item>
</group>
<group name="DIFFM_INBUF">
<item name="IBUF_DELAY_VALUE" rev="11">
<attrib name="DLY0" value="1"/></item>
</group>
<group name="SLICEM_WSGEN">
<item name="SYNC_ATTR" rev="11">
<attrib name="ASYNC" value="9"/></item>
</group>
<group name="IOB_OFF1">
<item name="LATCH_OR_FF" rev="11">
<attrib name="FF" value="2"/></item>
<item name="OFF1_INIT_ATTR" rev="11">
<attrib name="INIT0" value="2"/></item>
</group>
<group name="DIFFM_PAD">
<item name="DIFF_TERM" rev="11">
<attrib name="TRUE" value="1"/></item>
<item name="IOATTRBOX" rev="11">
<attrib name="LVDS_25" value="1"/></item>
</group>
<group name="BUFGMUX_GCLKMUX">
<item name="DISABLE_ATTR" rev="11">
<attrib name="LOW" value="6"/></item>
</group>
<group name="IOB_IFF1">
<item name="IFF1_INIT_ATTR" rev="11">
<attrib name="INIT0" value="1"/></item>
<item name="LATCH_OR_FF" rev="11">
<attrib name="FF" value="1"/></item>
</group>
<group name="IOB_INBUF">
<item name="IFD_DELAY_VALUE" rev="11">
<attrib name="DLY3" value="1"/></item>
</group>
<group name="SLICEL_FFX">
<item name="FFX_INIT_ATTR" rev="11">
<attrib name="INIT0" value="647"/><attrib name="INIT1" value="36"/></item>
<item name="FFX_SR_ATTR" rev="11">
<attrib name="SRLOW" value="638"/><attrib name="SRHIGH" value="45"/></item>
<item name="LATCH_OR_FF" rev="11">
<attrib name="FF" value="683"/></item>
<item name="SYNC_ATTR" rev="11">
<attrib name="ASYNC" value="429"/><attrib name="SYNC" value="254"/></item>
</group>
<group name="SLICEL_FFY">
<item name="FFY_INIT_ATTR" rev="11">
<attrib name="INIT0" value="631"/><attrib name="INIT1" value="54"/></item>
<item name="FFY_SR_ATTR" rev="11">
<attrib name="SRLOW" value="625"/><attrib name="SRHIGH" value="60"/></item>
<item name="LATCH_OR_FF" rev="11">
<attrib name="FF" value="685"/></item>
<item name="SYNC_ATTR" rev="11">
<attrib name="ASYNC" value="418"/><attrib name="SYNC" value="267"/></item>
</group>
<group name="RAMB16_RAMB16A">
<item name="PORTA_ATTR" rev="11">
<attrib name="16384X1" value="5"/></item>
<item name="WRITEMODEA" rev="11">
<attrib name="WRITE_FIRST" value="5"/></item>
</group>
<group name="RAMB16_RAMB16B">
<item name="PORTB_ATTR" rev="11">
<attrib name="4096X4" value="5"/></item>
<item name="WRITEMODEB" rev="11">
<attrib name="WRITE_FIRST" value="5"/></item>
</group>
<group name="IBUF_IFF1">
<item name="IFF1_INIT_ATTR" rev="11">
<attrib name="INIT0" value="2"/></item>
<item name="LATCH_OR_FF" rev="11">
<attrib name="FF" value="2"/></item>
</group>
<group name="DIFFS_PAD">
<item name="DIFF_TERM" rev="11">
<attrib name="TRUE" value="1"/></item>
<item name="IOATTRBOX" rev="11">
<attrib name="LVDS_25" value="1"/></item>
</group>
<group name="SLICEM_FFX">
<item name="FFX_INIT_ATTR" rev="11">
<attrib name="INIT0" value="12"/><attrib name="INIT1" value="1"/></item>
<item name="FFX_SR_ATTR" rev="11">
<attrib name="SRLOW" value="12"/><attrib name="SRHIGH" value="1"/></item>
<item name="LATCH_OR_FF" rev="11">
<attrib name="FF" value="13"/></item>
<item name="SYNC_ATTR" rev="11">
<attrib name="ASYNC" value="9"/><attrib name="SYNC" value="4"/></item>
</group>
<group name="SLICEM_FFY">
<item name="FFY_INIT_ATTR" rev="11">
<attrib name="INIT0" value="11"/></item>
<item name="FFY_SR_ATTR" rev="11">
<attrib name="SRLOW" value="11"/></item>
<item name="LATCH_OR_FF" rev="11">
<attrib name="FF" value="11"/></item>
<item name="SYNC_ATTR" rev="11">
<attrib name="ASYNC" value="10"/><attrib name="SYNC" value="1"/></item>
</group>
<group name="IOB_PAD">
<item name="DRIVEATTRBOX" rev="11">
<attrib name="12" value="21"/></item>
<item name="IOATTRBOX" rev="11">
<attrib name="LVCMOS25" value="21"/></item>
<item name="SLEW" rev="11">
<attrib name="SLOW" value="21"/></item>
</group>
<group name="DCM_DCM">
<item name="CLKDV_DIVIDE" rev="11">
<attrib name="2" value="1"/></item>
<item name="CLKOUT_PHASE_SHIFT" rev="11">
<attrib name="NONE" value="1"/></item>
<item name="DESKEW_ADJUST" rev="11">
<attrib name="7" value="1"/></item>
<item name="DFS_FREQUENCY_MODE" rev="11">
<attrib name="LOW" value="1"/></item>
<item name="DLL_FREQUENCY_MODE" rev="11">
<attrib name="LOW" value="1"/></item>
<item name="DUTY_CYCLE_CORRECTION" rev="11">
<attrib name="TRUE" value="1"/></item>
<item name="FACTORY_JF1" rev="11">
<attrib name="0XC0" value="1"/></item>
<item name="FACTORY_JF2" rev="11">
<attrib name="0X80" value="1"/></item>
</group>
</ReportConfigData>
<ReportPinData TimeStamp="Tue May 17 11:13:09 2011"><group name="SLICEM_CYMUXF">
<item name="0" rev="11">
<attrib name="value" value="7"/></item>
<item name="1" rev="11">
<attrib name="value" value="7"/></item>
<item name="OUT" rev="11">
<attrib name="value" value="7"/></item>
<item name="S0" rev="11">
<attrib name="value" value="7"/></item>
</group>
<group name="SLICEM_CYMUXG">
<item name="0" rev="11">
<attrib name="value" value="4"/></item>
<item name="1" rev="11">
<attrib name="value" value="7"/></item>
<item name="OUT" rev="11">
<attrib name="value" value="7"/></item>
<item name="S0" rev="11">
<attrib name="value" value="7"/></item>
</group>
<group name="IBUF_PAD">
<item name="PAD" rev="11">
<attrib name="value" value="5"/></item>
</group>
<group name="IBUF_INBUF">
<item name="IN" rev="11">
<attrib name="value" value="5"/></item>
<item name="OUT" rev="11">
<attrib name="value" value="5"/></item>
</group>
<group name="SLICEM_F">
<item name="A1" rev="11">
<attrib name="value" value="38"/></item>
<item name="A2" rev="11">
<attrib name="value" value="38"/></item>
<item name="A3" rev="11">
<attrib name="value" value="37"/></item>
<item name="A4" rev="11">
<attrib name="value" value="33"/></item>
<item name="D" rev="11">
<attrib name="value" value="51"/></item>
<item name="DI" rev="11">
<attrib name="value" value="33"/></item>
<item name="WS" rev="11">
<attrib name="value" value="33"/></item>
</group>
<group name="SLICEM_G">
<item name="A1" rev="11">
<attrib name="value" value="46"/></item>
<item name="A2" rev="11">
<attrib name="value" value="45"/></item>
<item name="A3" rev="11">
<attrib name="value" value="39"/></item>
<item name="A4" rev="11">
<attrib name="value" value="37"/></item>
<item name="D" rev="11">
<attrib name="value" value="49"/></item>
<item name="DI" rev="11">
<attrib name="value" value="37"/></item>
<item name="WS" rev="11">
<attrib name="value" value="37"/></item>
</group>
<group name="DIFFM_INBUF">
<item name="DIFFI_IN" rev="11">
<attrib name="value" value="1"/></item>
<item name="OUT" rev="11">
<attrib name="value" value="1"/></item>
<item name="PAD" rev="11">
<attrib name="value" value="1"/></item>
</group>
<group name="SLICEM_YBUSED">
<item name="0" rev="11">
<attrib name="value" value="3"/></item>
<item name="OUT" rev="11">
<attrib name="value" value="3"/></item>
</group>
<group name="SLICEL">
<item name="BX" rev="11">
<attrib name="value" value="491"/></item>
<item name="BY" rev="11">
<attrib name="value" value="498"/></item>
<item name="CE" rev="11">
<attrib name="value" value="491"/></item>
<item name="CIN" rev="11">
<attrib name="value" value="290"/></item>
<item name="CLK" rev="11">
<attrib name="value" value="828"/></item>
<item name="COUT" rev="11">
<attrib name="value" value="302"/></item>
<item name="F1" rev="11">
<attrib name="value" value="972"/></item>
<item name="F2" rev="11">
<attrib name="value" value="750"/></item>
<item name="F3" rev="11">
<attrib name="value" value="640"/></item>
<item name="F4" rev="11">
<attrib name="value" value="499"/></item>
<item name="F5" rev="11">
<attrib name="value" value="32"/></item>
<item name="FX" rev="11">
<attrib name="value" value="7"/></item>
<item name="FXINA" rev="11">
<attrib name="value" value="18"/></item>
<item name="FXINB" rev="11">
<attrib name="value" value="18"/></item>
<item name="G1" rev="11">
<attrib name="value" value="972"/></item>
<item name="G2" rev="11">
<attrib name="value" value="764"/></item>
<item name="G3" rev="11">
<attrib name="value" value="627"/></item>
<item name="G4" rev="11">
<attrib name="value" value="463"/></item>
<item name="SR" rev="11">
<attrib name="value" value="370"/></item>
<item name="X" rev="11">
<attrib name="value" value="528"/></item>
<item name="XB" rev="11">
<attrib name="value" value="5"/></item>
<item name="XQ" rev="11">
<attrib name="value" value="683"/></item>
<item name="Y" rev="11">
<attrib name="value" value="552"/></item>
<item name="YQ" rev="11">
<attrib name="value" value="685"/></item>
</group>
<group name="SLICEM_WSGEN">
<item name="CK" rev="11">
<attrib name="value" value="37"/></item>
<item name="WE" rev="11">
<attrib name="value" value="37"/></item>
<item name="WSF" rev="11">
<attrib name="value" value="33"/></item>
<item name="WSG" rev="11">
<attrib name="value" value="37"/></item>
</group>
<group name="SLICEM">
<item name="BX" rev="11">
<attrib name="value" value="45"/></item>
<item name="BY" rev="11">
<attrib name="value" value="47"/></item>
<item name="CE" rev="11">
<attrib name="value" value="3"/></item>
<item name="CIN" rev="11">
<attrib name="value" value="7"/></item>
<item name="CLK" rev="11">
<attrib name="value" value="43"/></item>
<item name="COUT" rev="11">
<attrib name="value" value="7"/></item>
<item name="F1" rev="11">
<attrib name="value" value="38"/></item>
<item name="F2" rev="11">
<attrib name="value" value="38"/></item>
<item name="F3" rev="11">
<attrib name="value" value="37"/></item>
<item name="F4" rev="11">
<attrib name="value" value="33"/></item>
<item name="F5" rev="11">
<attrib name="value" value="26"/></item>
<item name="FX" rev="11">
<attrib name="value" value="11"/></item>
<item name="FXINA" rev="11">
<attrib name="value" value="20"/></item>
<item name="FXINB" rev="11">
<attrib name="value" value="20"/></item>
<item name="G1" rev="11">
<attrib name="value" value="46"/></item>
<item name="G2" rev="11">
<attrib name="value" value="45"/></item>
<item name="G3" rev="11">
<attrib name="value" value="39"/></item>
<item name="G4" rev="11">
<attrib name="value" value="37"/></item>
<item name="SHIFTIN" rev="11">
<attrib name="value" value="10"/></item>
<item name="SHIFTOUT" rev="11">
<attrib name="value" value="10"/></item>
<item name="SR" rev="11">
<attrib name="value" value="41"/></item>
<item name="X" rev="11">
<attrib name="value" value="6"/></item>
<item name="XB" rev="11">
<attrib name="value" value="12"/></item>
<item name="XQ" rev="11">
<attrib name="value" value="13"/></item>
<item name="Y" rev="11">
<attrib name="value" value="12"/></item>
<item name="YB" rev="11">
<attrib name="value" value="3"/></item>
<item name="YQ" rev="11">
<attrib name="value" value="11"/></item>
</group>
<group name="RAMB16">
<item name="ADDRA0" rev="11">
<attrib name="value" value="5"/></item>
<item name="ADDRA1" rev="11">
<attrib name="value" value="5"/></item>
<item name="ADDRA10" rev="11">
<attrib name="value" value="5"/></item>
<item name="ADDRA11" rev="11">
<attrib name="value" value="5"/></item>
<item name="ADDRA12" rev="11">
<attrib name="value" value="5"/></item>
<item name="ADDRA13" rev="11">
<attrib name="value" value="5"/></item>
<item name="ADDRA2" rev="11">
<attrib name="value" value="5"/></item>
<item name="ADDRA3" rev="11">
<attrib name="value" value="5"/></item>
<item name="ADDRA4" rev="11">
<attrib name="value" value="5"/></item>
<item name="ADDRA5" rev="11">
<attrib name="value" value="5"/></item>
<item name="ADDRA6" rev="11">
<attrib name="value" value="5"/></item>
<item name="ADDRA7" rev="11">
<attrib name="value" value="5"/></item>
<item name="ADDRA8" rev="11">
<attrib name="value" value="5"/></item>
<item name="ADDRA9" rev="11">
<attrib name="value" value="5"/></item>
<item name="ADDRB10" rev="11">
<attrib name="value" value="5"/></item>
<item name="ADDRB11" rev="11">
<attrib name="value" value="5"/></item>
<item name="ADDRB12" rev="11">
<attrib name="value" value="5"/></item>
<item name="ADDRB13" rev="11">
<attrib name="value" value="5"/></item>
<item name="ADDRB2" rev="11">
<attrib name="value" value="5"/></item>
<item name="ADDRB3" rev="11">
<attrib name="value" value="5"/></item>
<item name="ADDRB4" rev="11">
<attrib name="value" value="5"/></item>
<item name="ADDRB5" rev="11">
<attrib name="value" value="5"/></item>
<item name="ADDRB6" rev="11">
<attrib name="value" value="5"/></item>
<item name="ADDRB7" rev="11">
<attrib name="value" value="5"/></item>
<item name="ADDRB8" rev="11">
<attrib name="value" value="5"/></item>
<item name="ADDRB9" rev="11">
<attrib name="value" value="5"/></item>
<item name="CLKA" rev="11">
<attrib name="value" value="5"/></item>
<item name="CLKB" rev="11">
<attrib name="value" value="5"/></item>
<item name="DIA0" rev="11">
<attrib name="value" value="5"/></item>
<item name="DIB0" rev="11">
<attrib name="value" value="5"/></item>
<item name="DIB1" rev="11">
<attrib name="value" value="5"/></item>
<item name="DIB2" rev="11">
<attrib name="value" value="5"/></item>
<item name="DIB3" rev="11">
<attrib name="value" value="5"/></item>
<item name="DOA0" rev="11">
<attrib name="value" value="5"/></item>
<item name="ENA" rev="11">
<attrib name="value" value="5"/></item>
<item name="ENB" rev="11">
<attrib name="value" value="5"/></item>
<item name="SSRA" rev="11">
<attrib name="value" value="5"/></item>
<item name="SSRB" rev="11">
<attrib name="value" value="5"/></item>
<item name="WEA" rev="11">
<attrib name="value" value="5"/></item>
<item name="WEB" rev="11">
<attrib name="value" value="5"/></item>
</group>
<group name="SLICEM_GNDF">
<item name="0" rev="11">
<attrib name="value" value="7"/></item>
</group>
<group name="SLICEM_GNDG">
<item name="0" rev="11">
<attrib name="value" value="4"/></item>
</group>
<group name="IOB_OFF1">
<item name="CE" rev="11">
<attrib name="value" value="2"/></item>
<item name="CK" rev="11">
<attrib name="value" value="2"/></item>
<item name="D" rev="11">
<attrib name="value" value="2"/></item>
<item name="Q" rev="11">
<attrib name="value" value="2"/></item>
</group>
<group name="RAMB16_RAMB16">
<item name="ADDRA" rev="11">
<attrib name="value" value="5"/></item>
<item name="ADDRB" rev="11">
<attrib name="value" value="5"/></item>
<item name="DIA" rev="11">
<attrib name="value" value="5"/></item>
<item name="DIB" rev="11">
<attrib name="value" value="5"/></item>
<item name="DOA" rev="11">
<attrib name="value" value="5"/></item>
<item name="DOB" rev="11">
<attrib name="value" value="5"/></item>
</group>
<group name="DIFFM_PAD">
<item name="PAD" rev="11">
<attrib name="value" value="1"/></item>
</group>
<group name="IOB_OUTBUF">
<item name="IN" rev="11">
<attrib name="value" value="21"/></item>
<item name="OUT" rev="11">
<attrib name="value" value="21"/></item>
<item name="TRI" rev="11">
<attrib name="value" value="1"/></item>
</group>
<group name="SLICEL_CYMUXF">
<item name="0" rev="11">
<attrib name="value" value="330"/></item>
<item name="1" rev="11">
<attrib name="value" value="330"/></item>
<item name="OUT" rev="11">
<attrib name="value" value="330"/></item>
<item name="S0" rev="11">
<attrib name="value" value="330"/></item>
</group>
<group name="SLICEL_CYMUXG">
<item name="0" rev="11">
<attrib name="value" value="302"/></item>
<item name="1" rev="11">
<attrib name="value" value="302"/></item>
<item name="OUT" rev="11">
<attrib name="value" value="302"/></item>
<item name="S0" rev="11">
<attrib name="value" value="302"/></item>
</group>
<group name="BUFGMUX_GCLKMUX">
<item name="I0" rev="11">
<attrib name="value" value="6"/></item>
<item name="OUT" rev="11">
<attrib name="value" value="6"/></item>
<item name="S" rev="11">
<attrib name="value" value="6"/></item>
</group>
<group name="BSCAN">
<item name="DRCK1" rev="11">
<attrib name="value" value="1"/></item>
<item name="SEL1" rev="11">
<attrib name="value" value="1"/></item>
<item name="SHIFT" rev="11">
<attrib name="value" value="1"/></item>
<item name="TDI" rev="11">
<attrib name="value" value="1"/></item>
<item name="TDO1" rev="11">
<attrib name="value" value="1"/></item>
<item name="TDO2" rev="11">
<attrib name="value" value="1"/></item>
<item name="UPDATE" rev="11">
<attrib name="value" value="1"/></item>
</group>
<group name="BSCAN_BSCAN_BLACKBOX">
<item name="DRCK1" rev="11">
<attrib name="value" value="1"/></item>
<item name="SEL1" rev="11">
<attrib name="value" value="1"/></item>
<item name="SHIFT" rev="11">
<attrib name="value" value="1"/></item>
<item name="TDI" rev="11">
<attrib name="value" value="1"/></item>
<item name="TDO1" rev="11">
<attrib name="value" value="1"/></item>
<item name="TDO2" rev="11">
<attrib name="value" value="1"/></item>
<item name="UPDATE" rev="11">
<attrib name="value" value="1"/></item>
</group>
<group name="SLICEL_C1VDD">
<item name="1" rev="11">
<attrib name="value" value="112"/></item>
</group>
<group name="IOB_IFD_DELAY">
<item name="IN" rev="11">
<attrib name="value" value="1"/></item>
<item name="OUT" rev="11">
<attrib name="value" value="1"/></item>
</group>
<group name="IOB_IFF1">
<item name="CK" rev="11">
<attrib name="value" value="1"/></item>
<item name="D" rev="11">
<attrib name="value" value="1"/></item>
<item name="Q" rev="11">
<attrib name="value" value="1"/></item>
</group>
<group name="IBUF">
<item name="I" rev="11">
<attrib name="value" value="4"/></item>
<item name="ICLK1" rev="11">
<attrib name="value" value="2"/></item>
<item name="IQ1" rev="11">
<attrib name="value" value="2"/></item>
<item name="PAD" rev="11">
<attrib name="value" value="5"/></item>
</group>
<group name="IOB_INBUF">
<item name="IN" rev="11">
<attrib name="value" value="1"/></item>
<item name="OUT" rev="11">
<attrib name="value" value="1"/></item>
</group>
<group name="SLICEL_FFX">
<item name="CE" rev="11">
<attrib name="value" value="444"/></item>
<item name="CK" rev="11">
<attrib name="value" value="683"/></item>
<item name="D" rev="11">
<attrib name="value" value="683"/></item>
<item name="Q" rev="11">
<attrib name="value" value="683"/></item>
<item name="REV" rev="11">
<attrib name="value" value="40"/></item>
<item name="SR" rev="11">
<attrib name="value" value="279"/></item>
</group>
<group name="SLICEL_XORF">
<item name="0" rev="11">
<attrib name="value" value="246"/></item>
<item name="1" rev="11">
<attrib name="value" value="246"/></item>
<item name="O" rev="11">
<attrib name="value" value="246"/></item>
</group>
<group name="SLICEL_FFY">
<item name="CE" rev="11">
<attrib name="value" value="419"/></item>
<item name="CK" rev="11">
<attrib name="value" value="685"/></item>
<item name="D" rev="11">
<attrib name="value" value="685"/></item>
<item name="Q" rev="11">
<attrib name="value" value="685"/></item>
<item name="REV" rev="11">
<attrib name="value" value="11"/></item>
<item name="SR" rev="11">
<attrib name="value" value="286"/></item>
</group>
<group name="SLICEL_XORG">
<item name="0" rev="11">
<attrib name="value" value="240"/></item>
<item name="1" rev="11">
<attrib name="value" value="240"/></item>
<item name="O" rev="11">
<attrib name="value" value="240"/></item>
</group>
<group name="SLICEL_GAND">
<item name="0" rev="11">
<attrib name="value" value="3"/></item>
<item name="1" rev="11">
<attrib name="value" value="3"/></item>
<item name="O" rev="11">
<attrib name="value" value="3"/></item>
</group>
<group name="SLICEM_F6MUX">
<item name="0" rev="11">
<attrib name="value" value="20"/></item>
<item name="1" rev="11">
<attrib name="value" value="20"/></item>
<item name="OUT" rev="11">
<attrib name="value" value="20"/></item>
<item name="S0" rev="11">
<attrib name="value" value="20"/></item>
</group>
<group name="DIFFS_PADOUT_USED">
<item name="0" rev="11">
<attrib name="value" value="1"/></item>
<item name="OUT" rev="11">
<attrib name="value" value="1"/></item>
</group>
<group name="SLICEM_VDDG">
<item name="1" rev="11">
<attrib name="value" value="3"/></item>
</group>
<group name="RAMB16_RAMB16A">
<item name="ADDRA" rev="11">
<attrib name="value" value="5"/></item>
<item name="ADDRA0" rev="11">
<attrib name="value" value="5"/></item>
<item name="ADDRA1" rev="11">
<attrib name="value" value="5"/></item>
<item name="ADDRA10" rev="11">
<attrib name="value" value="5"/></item>
<item name="ADDRA11" rev="11">
<attrib name="value" value="5"/></item>
<item name="ADDRA12" rev="11">
<attrib name="value" value="5"/></item>
<item name="ADDRA13" rev="11">
<attrib name="value" value="5"/></item>
<item name="ADDRA2" rev="11">
<attrib name="value" value="5"/></item>
<item name="ADDRA3" rev="11">
<attrib name="value" value="5"/></item>
<item name="ADDRA4" rev="11">
<attrib name="value" value="5"/></item>
<item name="ADDRA5" rev="11">
<attrib name="value" value="5"/></item>
<item name="ADDRA6" rev="11">
<attrib name="value" value="5"/></item>
<item name="ADDRA7" rev="11">
<attrib name="value" value="5"/></item>
<item name="ADDRA8" rev="11">
<attrib name="value" value="5"/></item>
<item name="ADDRA9" rev="11">
<attrib name="value" value="5"/></item>
<item name="CLKA" rev="11">
<attrib name="value" value="5"/></item>
<item name="DIA" rev="11">
<attrib name="value" value="5"/></item>
<item name="DIA0" rev="11">
<attrib name="value" value="5"/></item>
<item name="DOA" rev="11">
<attrib name="value" value="5"/></item>
<item name="DOA0" rev="11">
<attrib name="value" value="5"/></item>
<item name="ENA" rev="11">
<attrib name="value" value="5"/></item>
<item name="SSRA" rev="11">
<attrib name="value" value="5"/></item>
<item name="WEA" rev="11">
<attrib name="value" value="5"/></item>
</group>
<group name="SLICEL_F6MUX">
<item name="0" rev="11">
<attrib name="value" value="18"/></item>
<item name="1" rev="11">
<attrib name="value" value="18"/></item>
<item name="OUT" rev="11">
<attrib name="value" value="18"/></item>
<item name="S0" rev="11">
<attrib name="value" value="18"/></item>
</group>
<group name="RAMB16_RAMB16B">
<item name="ADDRB" rev="11">
<attrib name="value" value="5"/></item>
<item name="ADDRB10" rev="11">
<attrib name="value" value="5"/></item>
<item name="ADDRB11" rev="11">
<attrib name="value" value="5"/></item>
<item name="ADDRB12" rev="11">
<attrib name="value" value="5"/></item>
<item name="ADDRB13" rev="11">
<attrib name="value" value="5"/></item>
<item name="ADDRB2" rev="11">
<attrib name="value" value="5"/></item>
<item name="ADDRB3" rev="11">
<attrib name="value" value="5"/></item>
<item name="ADDRB4" rev="11">
<attrib name="value" value="5"/></item>
<item name="ADDRB5" rev="11">
<attrib name="value" value="5"/></item>
<item name="ADDRB6" rev="11">
<attrib name="value" value="5"/></item>
<item name="ADDRB7" rev="11">
<attrib name="value" value="5"/></item>
<item name="ADDRB8" rev="11">
<attrib name="value" value="5"/></item>
<item name="ADDRB9" rev="11">
<attrib name="value" value="5"/></item>
<item name="CLKB" rev="11">
<attrib name="value" value="5"/></item>
<item name="DIB" rev="11">
<attrib name="value" value="5"/></item>
<item name="DIB0" rev="11">
<attrib name="value" value="5"/></item>
<item name="DIB1" rev="11">
<attrib name="value" value="5"/></item>
<item name="DIB2" rev="11">
<attrib name="value" value="5"/></item>
<item name="DIB3" rev="11">
<attrib name="value" value="5"/></item>
<item name="DOB" rev="11">
<attrib name="value" value="5"/></item>
<item name="ENB" rev="11">
<attrib name="value" value="5"/></item>
<item name="SSRB" rev="11">
<attrib name="value" value="5"/></item>
<item name="WEB" rev="11">
<attrib name="value" value="5"/></item>
</group>
<group name="SLICEM_GMC15_BLACKBOX">
<item name="MC15" rev="11">
<attrib name="value" value="27"/></item>
<item name="WS2" rev="11">
<attrib name="value" value="27"/></item>
</group>
<group name="IBUF_IFF1">
<item name="CK" rev="11">
<attrib name="value" value="2"/></item>
<item name="D" rev="11">
<attrib name="value" value="2"/></item>
<item name="Q" rev="11">
<attrib name="value" value="2"/></item>
</group>
<group name="DIFFS_PAD">
<item name="PAD" rev="11">
<attrib name="value" value="1"/></item>
</group>
<group name="SLICEM_XORF">
<item name="0" rev="11">
<attrib name="value" value="4"/></item>
<item name="1" rev="11">
<attrib name="value" value="4"/></item>
<item name="O" rev="11">
<attrib name="value" value="4"/></item>
</group>
<group name="SLICEM_FFX">
<item name="CE" rev="11">
<attrib name="value" value="3"/></item>
<item name="CK" rev="11">
<attrib name="value" value="13"/></item>
<item name="D" rev="11">
<attrib name="value" value="13"/></item>
<item name="Q" rev="11">
<attrib name="value" value="13"/></item>
<item name="SR" rev="11">
<attrib name="value" value="4"/></item>
</group>
<group name="SLICEM_FFY">
<item name="CK" rev="11">
<attrib name="value" value="11"/></item>
<item name="D" rev="11">
<attrib name="value" value="11"/></item>
<item name="Q" rev="11">
<attrib name="value" value="11"/></item>
</group>
<group name="DIFFM">
<item name="DIFFI_IN" rev="11">
<attrib name="value" value="1"/></item>
<item name="I" rev="11">
<attrib name="value" value="1"/></item>
<item name="PAD" rev="11">
<attrib name="value" value="1"/></item>
</group>
<group name="IOB_PAD">
<item name="PAD" rev="11">
<attrib name="value" value="21"/></item>
</group>
<group name="DIFFS">
<item name="PAD" rev="11">
<attrib name="value" value="1"/></item>
<item name="PADOUT" rev="11">
<attrib name="value" value="1"/></item>
</group>
<group name="IOB">
<item name="I" rev="11">
<attrib name="value" value="1"/></item>
<item name="ICLK1" rev="11">
<attrib name="value" value="1"/></item>
<item name="IQ1" rev="11">
<attrib name="value" value="1"/></item>
<item name="O1" rev="11">
<attrib name="value" value="21"/></item>
<item name="OCE" rev="11">
<attrib name="value" value="2"/></item>
<item name="OTCLK1" rev="11">
<attrib name="value" value="2"/></item>
<item name="PAD" rev="11">
<attrib name="value" value="21"/></item>
<item name="T1" rev="11">
<attrib name="value" value="1"/></item>
</group>
<group name="DCM_DCM">
<item name="CLKFB" rev="11">
<attrib name="value" value="1"/></item>
<item name="CLKFX" rev="11">
<attrib name="value" value="1"/></item>
<item name="CLKIN" rev="11">
<attrib name="value" value="1"/></item>
<item name="PSCLK" rev="11">
<attrib name="value" value="1"/></item>
<item name="PSEN" rev="11">
<attrib name="value" value="1"/></item>
<item name="PSINCDEC" rev="11">
<attrib name="value" value="1"/></item>
<item name="RST" rev="11">
<attrib name="value" value="1"/></item>
</group>
<group name="BUFGMUX">
<item name="I0" rev="11">
<attrib name="value" value="6"/></item>
<item name="O" rev="11">
<attrib name="value" value="6"/></item>
<item name="S" rev="11">
<attrib name="value" value="6"/></item>
</group>
<group name="SLICEL_FAND">
<item name="0" rev="11">
<attrib name="value" value="10"/></item>
<item name="1" rev="11">
<attrib name="value" value="10"/></item>
<item name="O" rev="11">
<attrib name="value" value="10"/></item>
</group>
<group name="SLICEM_F5MUX">
<item name="F" rev="11">
<attrib name="value" value="31"/></item>
<item name="G" rev="11">
<attrib name="value" value="31"/></item>
<item name="OUT" rev="11">
<attrib name="value" value="31"/></item>
<item name="S0" rev="11">
<attrib name="value" value="31"/></item>
</group>
<group name="SLICEL_C2VDD">
<item name="1" rev="11">
<attrib name="value" value="98"/></item>
</group>
<group name="DCM">
<item name="CLKFB" rev="11">
<attrib name="value" value="1"/></item>
<item name="CLKFX" rev="11">
<attrib name="value" value="1"/></item>
<item name="CLKIN" rev="11">
<attrib name="value" value="1"/></item>
<item name="PSCLK" rev="11">
<attrib name="value" value="1"/></item>
<item name="PSEN" rev="11">
<attrib name="value" value="1"/></item>
<item name="PSINCDEC" rev="11">
<attrib name="value" value="1"/></item>
<item name="RST" rev="11">
<attrib name="value" value="1"/></item>
</group>
<group name="BUFGMUX_GCLK_BUFFER">
<item name="IN" rev="11">
<attrib name="value" value="6"/></item>
<item name="OUT" rev="11">
<attrib name="value" value="6"/></item>
</group>
<group name="SLICEM_FMC15_BLACKBOX">
<item name="MC15" rev="11">
<attrib name="value" value="22"/></item>
<item name="WS2" rev="11">
<attrib name="value" value="22"/></item>
</group>
<group name="SLICEL_F">
<item name="A1" rev="11">
<attrib name="value" value="972"/></item>
<item name="A2" rev="11">
<attrib name="value" value="750"/></item>
<item name="A3" rev="11">
<attrib name="value" value="640"/></item>
<item name="A4" rev="11">
<attrib name="value" value="499"/></item>
<item name="D" rev="11">
<attrib name="value" value="985"/></item>
</group>
<group name="SLICEL_F5MUX">
<item name="F" rev="11">
<attrib name="value" value="93"/></item>
<item name="G" rev="11">
<attrib name="value" value="93"/></item>
<item name="OUT" rev="11">
<attrib name="value" value="93"/></item>
<item name="S0" rev="11">
<attrib name="value" value="93"/></item>
</group>
<group name="SLICEL_G">
<item name="A1" rev="11">
<attrib name="value" value="972"/></item>
<item name="A2" rev="11">
<attrib name="value" value="764"/></item>
<item name="A3" rev="11">
<attrib name="value" value="627"/></item>
<item name="A4" rev="11">
<attrib name="value" value="463"/></item>
<item name="D" rev="11">
<attrib name="value" value="975"/></item>
</group>
<group name="SLICEL_GNDF">
<item name="0" rev="11">
<attrib name="value" value="159"/></item>
</group>
<group name="IBUF_IFD_DELAY">
<item name="IN" rev="11">
<attrib name="value" value="2"/></item>
<item name="OUT" rev="11">
<attrib name="value" value="2"/></item>
</group>
<group name="SLICEL_GNDG">
<item name="0" rev="11">
<attrib name="value" value="148"/></item>
</group>
</ReportPinData>
<CmdHistory>
</CmdHistory>
</DeviceUsageSummary>
