#Release 10.1.03 - par K.39 (nt)
#Copyright (c) 1995-2008 Xilinx, Inc.  All rights reserved.

#Tue May 17 11:12:47 2011

#
## NOTE: This file is designed to be imported into a spreadsheet program
# such as Microsoft Excel for viewing, printing and sorting. The |
# character is used as the data field separator. This file is also designed
# to support parsing.
#
#INPUT FILE:       FPGA_main_map.ncd
#OUTPUT FILE:      FPGA_main_pad.csv
#PART TYPE:        xc3s250e
#SPEED GRADE:      -5
#PACKAGE:          vq100
#
# Pinout by Pin Number:
# 
# -----,-----,-----,-----,-----,-----,-----,-----,-----,-----,-----,-----,-----,-----,-----,-----,
Pin Number,Signal Name,Pin Usage,Pin Name,Direction,IO Standard,IO Bank Number,Drive (mA),Slew Rate,Termination,IOB Delay,Voltage,Constraint,DCI Value,IO Register,Signal Integrity,
P1,,,PROG_B,,,,,,,,,,,,,
P2,rst_i,IBUF,IO_L01P_3,INPUT,LVCMOS25*,3,,,,NONE,,LOCATED,,NO,NONE,
P3,din_148mhz,IOB,IO_L01N_3,OUTPUT,LVCMOS25*,3,12,SLOW,NONE**,,,LOCATED,,YES,NONE,
P4,sclk_148mhz,IOB,IO_L02P_3,OUTPUT,LVCMOS25*,3,12,SLOW,NONE**,,,LOCATED,,NO,NONE,
P5,sync_148mhz,IOB,IO_L02N_3/VREF_3,OUTPUT,LVCMOS25*,3,12,SLOW,NONE**,,,LOCATED,,NO,NONE,
P6,,,VCCINT,,,,,,,,1.2,,,,,
P7,,,GND,,,,,,,,,,,,,
P8,,,VCCO_3,,,3,,,,,2.50,,,,,
P9,NTP_PPS,IOB,IO_L03P_3/LHCLK0,OUTPUT,LVCMOS25*,3,12,SLOW,NONE**,,,LOCATED,,NO,NONE,
P10,ext_int_o,IOB,IO_L03N_3/LHCLK1,OUTPUT,LVCMOS25*,3,12,SLOW,NONE**,,,LOCATED,,NO,NONE,
P11,PPS_status_o,IOB,IO_L04P_3/LHCLK2,OUTPUT,LVCMOS25*,3,12,SLOW,NONE**,,,LOCATED,,NO,NONE,
P12,SCL_i,IBUF,IO_L04N_3/LHCLK3/IRDY2,INPUT,LVCMOS25*,3,,,,IFD,,LOCATED,,YES,NONE,
P13,,IBUF,IP,UNUSED,,3,,,,,,,,,,
P14,,,GND,,,,,,,,,,,,,
P15,SDA_io,IOB,IO_L05P_3/LHCLK4/TRDY2,BIDIR,LVCMOS25*,3,12,SLOW,NONE**,IFD,,LOCATED,,YES,NONE,
P16,,DIFFS,IO_L05N_3/LHCLK5,UNUSED,,3,,,,,,,,,,
P17,,DIFFM,IO_L06P_3/LHCLK6,UNUSED,,3,,,,,,,,,,
P18,,DIFFS,IO_L06N_3/LHCLK7,UNUSED,,3,,,,,,,,,,
P19,,,GND,,,,,,,,,,,,,
P20,,,VCCO_3,,,3,,,,,2.50,,,,,
P21,,,VCCAUX,,,,,,,,2.5,,,,,
P22,,DIFFM,IO_L07P_3,UNUSED,,3,,,,,,,,,,
P23,f_d_o,IOB,IO_L07N_3,OUTPUT,LVCMOS25*,3,12,SLOW,NONE**,,,LOCATED,,NO,NONE,
P24,h_d_o,IOB,IO_L01P_2/CSO_B,OUTPUT,LVCMOS25*,2,12,SLOW,NONE**,,,LOCATED,,NO,NONE,
P25,,DIFFS,IO_L01N_2/INIT_B,UNUSED,,2,,,,,,,,,,
P26,,DIFFM,IO_L02P_2/DOUT/BUSY,UNUSED,,2,,,,,,,,,,
P27,din_10mhz_o,IOB,IO_L02N_2/MOSI/CSI_B,OUTPUT,LVCMOS25*,2,12,SLOW,NONE**,,,LOCATED,,YES,NONE,
P28,,,VCCINT,,,,,,,,1.2,,,,,
P29,,,GND,,,,,,,,,,,,,
P30,,DIFFSI,IP/VREF_2,UNUSED,,2,,,,,,,,,,
P31,,,VCCO_2,,,2,,,,,2.50,,,,,
P32,sclk_10mhz_o,IOB,IO_L03P_2/D7/GCLK12,OUTPUT,LVCMOS25*,2,12,SLOW,NONE**,,,LOCATED,,NO,NONE,
P33,sync_10mhz_o,IOB,IO_L03N_2/D6/GCLK13,OUTPUT,LVCMOS25*,2,12,SLOW,NONE**,,,LOCATED,,NO,NONE,
P34,,IOB,IO/D5,UNUSED,,2,,,,,,,,,,
P35,led2_o,IOB,IO_L04P_2/D4/GCLK14,OUTPUT,LVCMOS25*,2,12,SLOW,NONE**,,,LOCATED,,NO,NONE,
P36,led1_o,IOB,IO_L04N_2/D3/GCLK15,OUTPUT,LVCMOS25*,2,12,SLOW,NONE**,,,LOCATED,,NO,NONE,
P37,,,GND,,,,,,,,,,,,,
P38,clk_10_i,IBUF,IP_L05P_2/RDWR_B/GCLK0,INPUT,LVCMOS25*,2,,,,NONE,,LOCATED,,NO,NONE,
P39,,DIFFSI,IP_L05N_2/M2/GCLK1,UNUSED,,2,,,,,,,,,,
P40,tp1_o,IOB,IO_L06P_2/D2/GCLK2,OUTPUT,LVCMOS25*,2,12,SLOW,NONE**,,,LOCATED,,NO,NONE,
P41,tp2_o,IOB,IO_L06N_2/D1/GCLK3,OUTPUT,LVCMOS25*,2,12,SLOW,NONE**,,,LOCATED,,NO,NONE,
P42,,IOB,IO/M1,UNUSED,,2,,,,,,,,,,
P43,,DIFFM,IO_L07P_2/M0,UNUSED,,2,,,,,,,,,,
P44,,DIFFS,IO_L07N_2/DIN/D0,UNUSED,,2,,,,,,,,,,
P45,,,VCCO_2,,,2,,,,,2.50,,,,,
P46,,,VCCAUX,,,,,,,,2.5,,,,,
P47,tp3_o,IOB,IO_L08P_2/VS2,OUTPUT,LVCMOS25*,2,12,SLOW,NONE**,,,LOCATED,,NO,NONE,
P48,NTP_RX,IOB,IO_L08N_2/VS1,OUTPUT,LVCMOS25*,2,12,SLOW,NONE**,,,LOCATED,,NO,NONE,
P49,MCU_RX,IOB,IO_L09P_2/VS0,OUTPUT,LVCMOS25*,2,12,SLOW,NONE**,,,LOCATED,,NO,NONE,
P50,,DIFFS,IO_L09N_2/CCLK,UNUSED,,2,,,,,,,,,,
P51,,,DONE,,,,,,,,,,,,,
P52,,,GND,,,,,,,,,,,,,
P53,,DIFFM,IO_L01P_1,UNUSED,,1,,,,,,,,,,
P54,,DIFFS,IO_L01N_1,UNUSED,,1,,,,,,,,,,
P55,,,VCCO_1,,,1,,,,,2.50,,,,,
P56,,,VCCINT,,,,,,,,1.2,,,,,
P57,,DIFFM,IO_L02P_1,UNUSED,,1,,,,,,,,,,
P58,UBX_TX_i,IBUF,IO_L02N_1,INPUT,LVCMOS25*,1,,,,NONE,,LOCATED,,NO,NONE,
P59,,,GND,,,,,,,,,,,,,
P60,PPS_i,IBUF,IO_L03P_1/RHCLK0,INPUT,LVCMOS25*,1,,,,IFD,,LOCATED,,YES,NONE,
P61,,DIFFS,IO_L03N_1/RHCLK1,UNUSED,,1,,,,,,,,,,
P62,,DIFFM,IO_L04P_1/RHCLK2,UNUSED,,1,,,,,,,,,,
P63,,DIFFS,IO_L04N_1/RHCLK3/TRDY1,UNUSED,,1,,,,,,,,,,
P64,,,GND,,,,,,,,,,,,,
P65,,DIFFM,IO_L05P_1/RHCLK4/IRDY1,UNUSED,,1,,,,,,,,,,
P66,,DIFFS,IO_L05N_1/RHCLK5,UNUSED,,1,,,,,,,,,,
P67,,DIFFM,IO_L06P_1/RHCLK6,UNUSED,,1,,,,,,,,,,
P68,,DIFFS,IO_L06N_1/RHCLK7,UNUSED,,1,,,,,,,,,,
P69,,IBUF,IP/VREF_1,UNUSED,,1,,,,,,,,,,
P70,LTC_b_out,IOB,IO_L07P_1,OUTPUT,LVCMOS25*,1,12,SLOW,NONE**,,,LOCATED,,NO,NONE,
P71,LTC_a_out,IOB,IO_L07N_1,OUTPUT,LVCMOS25*,1,12,SLOW,NONE**,,,LOCATED,,NO,NONE,
P72,,,GND,,,,,,,,,,,,,
P73,,,VCCO_1,,,1,,,,,2.50,,,,,
P74,,,VCCAUX,,,,,,,,2.5,,,,,
P75,,,TMS,,,,,,,,,,,,,
P76,,,TDO,,,,,,,,,,,,,
P77,,,TCK,,,,,,,,,,,,,
P78,,DIFFM,IO_L01P_0,UNUSED,,0,,,,,,,,,,
P79,,DIFFS,IO_L01N_0,UNUSED,,0,,,,,,,,,,
P80,,,VCCINT,,,,,,,,1.2,,,,,
P81,,,GND,,,,,,,,,,,,,
P82,,,VCCO_0,,,0,,,,,any******,,,,,
P83,,DIFFM,IO_L02P_0/GCLK4,UNUSED,,0,,,,,,,,,,
P84,,DIFFS,IO_L02N_0/GCLK5,UNUSED,,0,,,,,,,,,,
P85,,DIFFM,IO_L03P_0/GCLK6,UNUSED,,0,,,,,,,,,,
P86,,DIFFS,IO_L03N_0/GCLK7,UNUSED,,0,,,,,,,,,,
P87,,,GND,,,,,,,,,,,,,
P88,,DIFFMI,IP_L04P_0/GCLK8,UNUSED,,0,,,,,,,,,,
P89,,DIFFSI,IP_L04N_0/GCLK9,UNUSED,,0,,,,,,,,,,
P90,,DIFFM,IO_L05P_0/GCLK10,UNUSED,,0,,,,,,,,,,
P91,,DIFFS,IO_L05N_0/GCLK11,UNUSED,,0,,,,,,,,,,
P92,,IOB,IO,UNUSED,,0,,,,,,,,,,
P93,,,GND,,,,,,,,,,,,,
P94,clk_148_p,DIFFM,IO_L06P_0,INPUT,LVDS_25,0,,,,NONE,,LOCATED,,NO,DIFF_TERM,
P95,clk_148_n,DIFFS,IO_L06N_0/VREF_0,INPUT,LVDS_25,0,,,,NONE,,LOCATED,,NO,DIFF_TERM,
P96,,,VCCAUX,,,,,,,,2.5,,,,,
P97,,,VCCO_0,,,0,,,,,any******,,,,,
P98,,DIFFM,IO_L07P_0,UNUSED,,0,,,,,,,,,,
P99,,DIFFS,IO_L07N_0/HSWAP,UNUSED,,0,,,,,,,,,,
P100,,,TDI,,,,,,,,,,,,,

# -----,-----,-----,-----,-----,-----,-----,-----,-----,-----,-----,-----,-----,-----,-----,-----,
# 
#* Default value.
#** This default Pullup/Pulldown value can be overridden in Bitgen. 
#****** Special VCCO requirements may apply. Please consult the device 
#       family datasheet for specific guideline on VCCO requirements. 
#
#
#