<?xml version="1.0"?>
<Compat Version="1" Minor="3">
	<CompatParts>
	</CompatParts>
	<ConfigModes>
	</ConfigModes>
	<PortProps>
		<Port Name="SDA_io" OffChipTerm="NONE"/>
		<Port Name="rst_i" OffChipTerm="NONE"/>
		<Port Name="tp1_o" OffChipTerm="NONE"/>
		<Port Name="LTC_a_out" OffChipTerm="NONE"/>
		<Port Name="tp2_o" OffChipTerm="NONE"/>
		<Port Name="PPS_status_o" OffChipTerm="NONE"/>
		<Port Name="din_10mhz_o" OffChipTerm="NONE"/>
		<Port Name="led1_o" OffChipTerm="NONE"/>
		<Port Name="din_148mhz" OffChipTerm="NONE"/>
		<Port Name="tp3_o" OffChipTerm="NONE"/>
		<Port Name="sync_148mhz" OffChipTerm="NONE"/>
		<Port Name="NTP_PPS" OffChipTerm="NONE"/>
		<Port Name="h_d_o" OffChipTerm="NONE"/>
		<Port Name="clk_148_n" OffChipTerm="NONE"/>
		<Port Name="LTC_b_out" OffChipTerm="NONE"/>
		<Port Name="led2_o" OffChipTerm="NONE"/>
		<Port Name="clk_148_p" OffChipTerm="NONE"/>
		<Port Name="PPS_i" OffChipTerm="NONE"/>
		<Port Name="ext_int_o" OffChipTerm="NONE"/>
		<Port Name="MCU_RX" OffChipTerm="NONE"/>
		<Port Name="NTP_RX" OffChipTerm="NONE"/>
		<Port Name="sclk_148mhz" OffChipTerm="NONE"/>
		<Port Name="clk_10_i" OffChipTerm="NONE"/>
		<Port Name="UBX_TX_i" OffChipTerm="NONE"/>
		<Port Name="SCL_i" OffChipTerm="NONE"/>
		<Port Name="sync_10mhz_o" OffChipTerm="NONE"/>
		<Port Name="sclk_10mhz_o" OffChipTerm="NONE"/>
		<Port Name="f_d_o" OffChipTerm="NONE"/>
	</PortProps>
</Compat>

