<?xml version="1.0"?>
<Interface Version="1" Minor="1">
	<Ifc Id="ROOT" Top="1">
		<Port Id="SDA_io" Dir="INOUT"/>
		<Port Id="rst_i" Dir="IN"/>
		<Port Id="tp1_o" Dir="OUT"/>
		<Port Id="LTC_a_out" Dir="OUT"/>
		<Port Id="tp2_o" Dir="OUT"/>
		<Port Id="PPS_status_o" Dir="OUT"/>
		<Port Id="din_10mhz_o" Dir="OUT"/>
		<Port Id="led1_o" Dir="OUT"/>
		<Port Id="din_148mhz" Dir="OUT"/>
		<Port Id="tp3_o" Dir="OUT"/>
		<Port Id="sync_148mhz" Dir="OUT"/>
		<Port Id="NTP_PPS" Dir="OUT"/>
		<Port Id="h_d_o" Dir="OUT"/>
		<Port Id="clk_148_n" Dir="IN"/>
		<Port Id="LTC_b_out" Dir="OUT"/>
		<Port Id="led2_o" Dir="OUT"/>
		<Port Id="clk_148_p" Dir="IN"/>
		<Port Id="PPS_i" Dir="IN"/>
		<Port Id="ext_int_o" Dir="OUT"/>
		<Port Id="MCU_RX" Dir="OUT"/>
		<Port Id="NTP_RX" Dir="OUT"/>
		<Port Id="sclk_148mhz" Dir="OUT"/>
		<Port Id="clk_10_i" Dir="IN"/>
		<Port Id="UBX_TX_i" Dir="IN"/>
		<Port Id="SCL_i" Dir="IN"/>
		<Port Id="sync_10mhz_o" Dir="OUT"/>
		<Port Id="sclk_10mhz_o" Dir="OUT"/>
		<Port Id="f_d_o" Dir="OUT"/>
		<DiffPair Pos="clk_148_p" Neg="clk_148_n"/>
	</Ifc>
</Interface>

