<?xml version="1.0"?>
<DARoots Version="1" Minor="7">
	<FileSet Name="constrs_1" Type="Constrs" RelSrcDir="$PSRCDIR/constrs_1">
		<Filter Type="Constrs"/>
		<File Path="C:/PT8616/development_src/FPGA/Chipscope.ncf">
		</File>
		<File Path="C:/PT8616/development_src/FPGA/Chipscope_ctrl.ncf">
		</File>
		<File Path="C:/PT8616/development_src/FPGA/constraints.ucf">
		</File>
		<File Path="$PDATADIR/constrs_1/designprops.xml">
			<FileInfo SFType="CompatPartsDb"/>
		</File>
		<File Path="$PDATADIR/constrs_1/usercols.xml">
			<FileInfo SFType="UserColsDb"/>
		</File>
		<Config>
			<Option Name="TargetPart" Val="xc3s250evq100-5"/>
		</Config>
	</FileSet>
</DARoots>

