<?xml version="1.0" encoding="UTF-8" ?>
<document>
<!--The data in this file is primarily intended for consumption by Xilinx tools.
The structure and the elements are likely to change over the next few releases.
This means code written to parse this file will need to be revisited each subsequent release.-->
<application name="impact" timeStamp="Thu Jan 12 14:12:16 2012">
<section name="Project Information" visible="false">
<property name="ProjectID" value="a4c7dbf18d6449448609c2390cf399ad"/>
<property name="ProjectIteration" value="1"/>
</section>
<section name="iMPACT Project Info" visible="true">
<property name="Use Project File" value="Yes"/>
<property name="Project Entry" value="ise"/>
<property name="OS Name" value="Microsoft Windows XP"/>
<property name="User Lic. Info" value="202359653_0_0_532"/>
</section>
<section name="iMPACT Boundary Scan Mode" visible="true">
<item name="Chain Summary">
<property name="Number of device" value="2"/>
<property name="Number of Xilinx device" value="2"/>
<property name="Number of Non-Xilinx device" value="0"/>
</item>
<item name="Chain Description">
<property name="Device1" value="xcf"/>
<property name="Part1" value="xcf02s"/>
<property name="Device2" value="spartan3e"/>
<property name="Part2" value="xc3s250e"/>
</item>
<item name="Boundary Scan Operations Statistics">
<property name="BSCAN Operation" value="Program -p 0 -e -v -loadfpga
"/>
<property name="BSCAN Operation" value="Program -p 0 -e -v -loadfpga
"/>
<property name="BSCAN Operation" value="Program -p 1
"/>
<property name="BSCAN Operation" value="Program -p 0 -e -v -loadfpga
"/>
<property name="BSCAN Operation" value="Program -p 0 -e -v -loadfpga
"/>
<property name="BSCAN Operation" value="Program -p 0 -e -v -loadfpga
"/>
</item>
<item name="Cable Summary">
<property name="Cable Type" value=""/>
<property name="Cable Speed" value="0"/>
<property name="Port" value="NULL"/>
<property name="Local_Server_Mode" value="Local"/>
</item>
</section>
<section name="iMPACT Serial PROM File Generation Mode" visible="true">
<item name="Chain Description">
<property name="Number of device" value="1"/>
<property name="Device1" value="spartan3e"/>
<property name="Part1" value="xc3s250e"/>
</item>
</section>
</application>
</document>
